id_poi;nom;categorie;types;description_analyse;public_cible
0;Vers la Forêt d'Eu à VTT;activity;olo:OrderedList, CyclingTour, PointOfInterest, Tour;Envie d'une demi journée en extérieur, entre sport et grand air ? Alors venez compléter ce circuit et traverser le Pays Neufchâtelois jusqu'à la Forêt d'Eu. Admirez les superbes paysages de la Boutonnière du Pays de Bray. Revenez vers votre point de départ par l'Avenue Verte London-Paris sans manque;Adultes, Sportifs
1;De Rouen à Forges-les-Eaux;activity;olo:OrderedList, PointOfInterest, RoadTour, Tour;Une jolie boucle pour joindre le Pays de Bray depuis Rouen. Jardins, châteaux et beaux points de vue au programme. Une jolie boucle pour joindre le Pays de Bray depuis Rouen. Jardins, châteaux et beaux points de vue au programme.;Adultes, Familles
6;De Yainville à Jumièges;activity;olo:OrderedList, PointOfInterest, Tour, WalkingTour;Ce parcours vous fera découvrir les liens historiques qui relient les communes de Yainville et de Jumièges. Ce parcours vous fera découvrir les liens historiques qui relient les communes de Yainville et de Jumièges.;Adultes, Familles, Randonneurs
8;Silleron et Iclon à VTT;activity;olo:OrderedList, CyclingTour, PointOfInterest, Tour;nan nan;Adultes, Sportifs
19;Le Rive Gauche;activity;PlaceOfInterest, PointOfInterest, SportsAndLeisurePlace, Theater;Situé à proximité de Rouen, Le Rive Gauche accueille de nombreux, ainsi que des spectacles de danse et des pièces de théâtre. Le Rive Gauche est un centre culturel, labellisé par l'État, scène conventionnée. Plus de 50 chorégraphes ont été... Situé à proximité de Rouen, Le Rive Gauche accueille de n;Adultes, Familles
30;L'Afloria - Head Spa;activity;PlaceOfInterest, PointOfInterest, SportsAndLeisurePlace;Massage bien-être d'origine japonaise dédié au cuir chevelu, aux cheveux et à la détente globale. Des techniques de massage profond et souvent des rituels relaxants à base d'eau, de vapeur et d'aromathérapie. Le Head Spa vise à apaiser le stress,... Massage bien-être d'origine japonaise dédié au cui;Adultes
33;Aux portes d'Yvetot;activity;olo:OrderedList, PointOfInterest, Tour, WalkingTour;Randonnée à travers champs et forêt (certaines parties de l’itinéraire sont plus difficiles – zone humide). Randonnée à travers champs et forêt (certaines parties de l’itinéraire sont plus difficiles – zone humide).;Adultes, Familles, Randonneurs
44;Jardin des Damville;activity;PlaceOfInterest, PointOfInterest, SportsAndLeisurePlace;Créé et enrichi depuis plus de 35 ans par un couple d'artistes céramistes et jardiniers, le jardin des DAMVILLE est à la fois un espace paysager et un lieu de création. Sculptures, architectures végétales, bassins, topiaires et céramiques s’y... Créé et enrichi depuis plus de 35 ans par un couple d';Adultes, Familles
59;Tennis Etretat Cap de Caux;activity;PlaceOfInterest, PointOfInterest, SportsAndLeisurePlace, TennisComplex;Court en location. Stage de tennis pendant les vacances scolaires. Cours pendant les périodes scolaires. Cours en individuel toute l'année. Organisation de tournois. Court en location. Stage de tennis pendant les vacances scolaires. Cours pendant les périodes scolaires. Cours en individuel toute l'a;Adultes, Enfants
61;Yvetot Normandie Tourisme;activity;schema:TouristInformationCenter, LocalTouristOffice, PlaceOfInterest, PointOfInterest, TouristInformationCenter;nan Yvetot Normandie Tourisme vous reçoit et vous conseille dans votre découverte du territoire de la Communauté de Communes Yvetot Normandie et de la Seine-Maritime. Il met également à votre disposition un large éventail de documentation touristique que vous pourrez retrouver et télécharger sur son;Adultes, Familles
64;Sur la Piste des Comtes d'Evreux;activity;olo:OrderedList, HorseTour, PointOfInterest, Tour;Une boucle de randonnée équestre qui permet de découvrir les richesses touristiques et patrimoniales de la Vallée de Seine : châteaux, manoirs et autres édifices religieux remarquables.Cette balade d'une vingtaine de kilomètres emmène les randonneurs à la découverte de magnifiques panoramas tant sur;Adultes, Enfants, Familles, Randonneurs
66;Plage-Baignade Saint-Valery-en-Caux;activity;PlaceOfInterest, PointOfInterest, SportsAndLeisurePlace;Le port de pêche s’enfonce au cœur de la ville qui vit au rythme des marées. Le port de plaisance, plus en retrait , vous offre une vue sur les rangées de voiliers et autres bateaux. La plage se découvre lors d'une promenade à pied, le long de la... Le port de pêche s’enfonce au cœur de la ville qui;Adultes, Enfants, Familles
79;Plage-Baignade Saint-Aubin-sur-Mer;activity;PlaceOfInterest, PointOfInterest, SportsAndLeisurePlace;A l’embouchure du Dun, profitez, à marée basse de la plus grande plage de sable de la Côte d’Albâtre. Les pêcheurs animent le front de mer avec la mise à l’eau ou le retour des « doris » (bateaux de pêche traditionnels). Les planches à voile y... A l’embouchure du Dun, profitez, à marée basse de la ;Adolescents, Adultes, Enfants, Familles
81;Montigny;activity;olo:OrderedList, PointOfInterest, Tour, WalkingTour;Idéale pour une balade en famille, cette boucle rurale de 6,5 km n’est pas prête de vous décevoir ! Un voyage au cœur de la vallée de la Scie, entre le vieux bois de Montigny et les champs typiques du Pays de Caux, où le temps est comme suspendu. Vous ne pourrez qu’être séduit par cette belle randon;Adultes, Familles, Randonneurs
84;Maître Jean;activity;olo:OrderedList, PointOfInterest, Tour, WalkingTour;Le départ du circuit s'effectue à l'aire de jeux du Poteau Maître Jean, lieu de détente en famille où ont été installés de nombreux équipements : jeux d'équilibre et d'escalade, tables et bancs de pique-nique, boulodrome...Cette boucle vous fera emprunter des sentes forestières ainsi qu'un chemin ru;Adolescents, Adultes, Familles, Randonneurs
85;Le Camp de César;activity;olo:OrderedList, PointOfInterest, Tour, WalkingTour;Un circuit sur les traces d'un oppidum de l'époque gallo-romaine Un circuit sur les traces d'un oppidum de l'époque gallo-romaine;Adultes, Familles, Randonneurs
87;Gratte-Panche;activity;olo:OrderedList, PointOfInterest, Tour, WalkingTour;Cette boucle emprunte les sentiers des deux versants de la Vallée. Présence d'un moulin à eau à Sept-Meules, celui-ci faisait partie des sept moulins qui ont donné son nom au village. À Cuverville-sur-Yères, ruines d'un château du XIIIe siècle, dont il ne reste que la porte. La maison située à côté ;Adultes, Familles, Randonneurs
89;Circuit du Courval;activity;olo:OrderedList, PointOfInterest, Tour, WalkingTour;Cette boucle de randonnée vous permettra notamment de découvrir les traces laissées par l'activité verrière sur le territoire. Vous découvrirez par exemple l'unité historique de production et la verrerie Pochet du Courval, qui donne son nom au circuit. La Forêt d'Eu est indivise et gérée par l'ONF (;Adultes, Familles, Randonneurs
103;La Plaine de Sonimare à cheval;activity;olo:OrderedList, HorseTour, PointOfInterest, Tour;Balade en pays de Caux entre champs, plaine, mares, petits villages, hameaux et clos-masures. Balade en pays de Caux entre champs, plaine, mares, petits villages, hameaux et clos-masures.;Adultes, Enfants, Familles, Randonneurs
105;Point Plage de Dieppe · Initiations aux loisirs nautiques et location de matériel;activity;PlaceOfInterest, PointOfInterest, SportsAndLeisurePlace;Pendant l'été, le Point Plage de Dieppe vous propose la location de supports nautiques et des initiations gratuites à divers sports et loisirs nautiques. 🌊 • Club Municipal de natation de Dieppe · 06 12 30 80 90 > Balades en kayak et paddle en... Pendant l'été, le Point Plage de Dieppe vous propose ;Adultes, Débutants, Familles, Randonneurs
119;Gare de Longroy-Gamaches;activity;schema:TrainStation, PlaceOfInterest, PointOfInterest, TrainStation, Transport;nan nan;Adultes, Familles
125;Le Bièvredent;activity;olo:OrderedList, PointOfInterest, Tour, WalkingTour;Au départ d'un charmant village en bordure de la Boutonnière du Pays de Bray, cet itinéraire présente quatre grands panoramas grâce à son fort dénivelé. Au départ d'un charmant village en bordure de la Boutonnière du Pays de Bray, cet itinéraire présente quatre grands panoramas grâce à son fort déni;Adultes, Familles, Randonneurs
141;Aire de pique-nique d'Héronchelles;activity;ConvenientService, PicnicArea, PlaceOfInterest, PointOfInterest;Pour les adeptes du patrimoine, un beau point de vue sur le manoir et l'église d'Héronchelles 3 tables de pique-nique à côté du manoir d'Héronchelles et de l'église Pour les adeptes du patrimoine, un beau point de vue sur le manoir et l'église d'Héronchelles 3 tables de pique-nique à côté du manoir ;Adultes, Familles
142;Circuit du Tournant;activity;olo:OrderedList, PointOfInterest, Tour, WalkingTour;nan nan;Adultes, Familles, Randonneurs
145;La croix de pierre;activity;olo:OrderedList, PointOfInterest, Tour, WalkingTour;A admirer, deux châteaux du 17ème siècle : celui de Lintot avec sa porte monumentale et son magnifique écusson, et celui du Feugrès. Au départ, près de l'église, se trouve La Croix de pierre : simple borne ou croix de peste ? Il est agréable de terminer cette boucle en sillonnant la forêt. A admirer;Adultes, Familles, Randonneurs
149;La Cavée aux Coqs à VTT;activity;olo:OrderedList, CyclingTour, PointOfInterest, Tour;Cette balade vous fera découvrir Betteville, l’église et le Manoir qui s’y trouvent, ainsi que quelques belles chaumières restaurées dans le bourg et au hameau du Mesnil. Vous pourrez apercevoir un très beau panorama sur le Pont de Brotonne et sur l’un des bâtiments de l’abbaye de Saint-Wandrille-Ra;Adultes, Familles, Randonneurs, Sportifs
150;La Mare aux Daims;activity;olo:OrderedList, PointOfInterest, Tour, WalkingTour;Une jolie promenade d'une demi-journée en Pays de Bray.Au départ de l'église de Flamets Frétils, vous voici immergé dans les paysages brayons traditionnels. Ici, les pelouses vertes et grasses sont propices à l'élevage qui donnera le lait, matière première de l'emblème de la gastronomie du Pays de B;Adultes, Familles, Randonneurs
160;AST SUN JET PASSION;activity;PlaceOfInterest, PointOfInterest, SportsAndLeisurePlace;Jet ski - Organisation du Tréport Jet Evènement Jet ski - Organisation du Tréport Jet Evènement;Adultes
170;Boucle VTT - De la Saâne à la Vienne;activity;olo:OrderedList, CyclingTour, PointOfInterest, Tour;Une randonnée partagée entre la vallée de la Saâne et la vallée de la Vienne pour les adeptes du VTT. Chacune des vallées que vous emprunterez vous fera découvrir ses richesses : patrimoine rural (moulins, églises et châteaux), cours d'eau, sentiers au cœur des villages… Une randonnée partagée entre;Adultes, Randonneurs, Sportifs
176;La Ferme de La Boudinière;activity;schema:LocalBusiness, PlaceOfInterest, PointOfInterest, SportsAndLeisurePlace, TastingProvider, TeachingFarm;Visite Uniquement sur Réservation (voir les événements sur notre page Facebook) Notre ferme pédagogique propose des visites adaptées à tout public. Au sein d'une ferme spacieuse, votre parcours vous permettra de comprendre comment fonctionne une... Visite Uniquement sur Réservation (voir les événeme;Adultes, Enfants, Familles, Groupes scolaires
180;Le Bois de la Brétèque;activity;olo:OrderedList, PointOfInterest, Tour, WalkingTour;nan nan;Adultes, Familles, Randonneurs
189;Des Glycines à la Porte Noire;activity;olo:OrderedList, PointOfInterest, Tour, WalkingTour;"Empruntez le GR210 dit du Chasse marée, vous suivrez la rivière pour rejoindre Crosville-sur-Scie et son ancienne linerie devenue aujourd'hui un lieu culturel ""Les Amis de la linerie"". Besoin de reprendre des forces ? L'épicier du coin propose sandwichs et produits du terroir issus des fermes des al";Adultes, Enfants, Familles, Randonneurs
199;La Forêt de Ménonval;activity;olo:OrderedList, PointOfInterest, Tour, WalkingTour;Cette boucle de randonnée vous emmènera jusqu'en forêt de Ménonval, où vous découvrirez un village et des paysages exceptionnels et typiques du Pays Neufchâtelois. Cette boucle de randonnée vous emmènera jusqu'en forêt de Ménonval, où vous découvrirez un village et des paysages exceptionnels et typi;Adultes, Familles, Randonneurs
203;La Quesnoye;activity;olo:OrderedList, PointOfInterest, Tour, WalkingTour;Cette boucle de randonnée est parfaite pour les amateurs de marche et les familles. Venez découvrir la Vallée de l'Yères avec une bonne paire de chaussures et une bouteille d'eau dans le sac. Cette boucle de randonnée est parfaite pour les amateurs de marche et les familles. Venez découvrir la Vallé;Adultes, Familles, Randonneurs
206;Aéroclub de l'Estuaire de la Seine;activity;PlaceOfInterest, PointOfInterest, SportsAndLeisurePlace;Situé à 20 km du Havre, l'Aéroclub de l'Estuaire de la Seine vous accueille sur le terrain de Saint Romain de Colbosc pour vous initier à la pratique du planeur ou de l'avion. Des vols découverte sont également proposés en avion ou en ULM et en... Situé à 20 km du Havre, l'Aéroclub de l'Estuaire de ;Adultes
209;Escape Game Étretat - Panda Motion;activity;schema:LocalBusiness, PlaceOfInterest, PointOfInterest, SportsAndLeisurePlace, TastingProvider;Vivez l’aventure de vos rêves en Normandie avec Panda Motion ! Spécialistes des loisirs insolites et éco-responsables, nous vous faisons découvrir la région via nos escape games grandeur nature et visites guidées ludiques. Frissons et fous rires... Vivez l’aventure de vos rêves en Normandie avec Pan;Adultes, Familles, PMR
215;La Véloroute des Thermes;activity;olo:OrderedList, CyclingTour, PointOfInterest, Tour;Reliez Rouen et Forges-Les-Eaux en un coup de pédale ! Découvrez Rouen, son centre médiéval et son offre culturelle variée puis, au travers de la campagne entourant la ville aux 100 clochers, découvrez châteaux et charmants petits bourgs préservés, comme figés dans le temps. Prenez le temps de décou;Adultes, Sportifs
216;Gomare;activity;olo:OrderedList, CyclingTour, PointOfInterest, Tour;Cet itinéraire balisé vous offre des paysages variés : forêt d'Eu, chemins de traverse entourés de haies vives. À Sept-Meules, point de vue sur la vallée de l'Yères et ses côteaux calcaires, églises, moulin avec sa roue à aube toujours en état de marche. Cet itinéraire balisé vous offre des paysages;Adultes, Sportifs
217;La Chevrette;activity;olo:OrderedList, PointOfInterest, Tour, WalkingTour;nan nan;Adultes, Familles, Randonneurs
222;Gare de Bolbec;activity;schema:TrainStation, PlaceOfInterest, PointOfInterest, TrainStation, Transport;nan nan;Adultes, Familles
226;Les clos masures;activity;olo:OrderedList, PointOfInterest, Tour, WalkingTour;nan nan;Adultes, Familles, Randonneurs
239;La Roulée;activity;olo:OrderedList, PointOfInterest, Tour, WalkingTour;Découvrez le village blotti entre le Mont Sauveur et les Monts de Sigy. Admirez le Manoir d'Argueil, château de la Renaissance et traversez la Roulée, un affluent de l'Andelle. Découvrez le village blotti entre le Mont Sauveur et les Monts de Sigy. Admirez le Manoir d'Argueil, château de la Renaissa;Adultes, Familles, Randonneurs
244;La  Ferme des Falaises;activity;PlaceOfInterest, PointOfInterest, SportsAndLeisurePlace, TeachingFarm;A la Ferme des Falaises, vous pouvez découvrir nos diverses variétés d'animaux et circuler librement à travers la ferme. Venez admirer et caresser des animaux accessibles et affectueux. Visitez la maison des petits animaux et déambuler parmi les... A la Ferme des Falaises, vous pouvez découvrir nos ;Adultes, Enfants, Familles, Groupes scolaires
245;Le Chemin Vert du Petit Caux à VTT;activity;olo:OrderedList, CyclingTour, PointOfInterest, Tour;Entre la ville d’Eu et Saint-Quentin-au-Bosc, cet itinéraire de 17 kilomètres emprunte l’ancienne voie ferrée reliant Dieppe à Eu. Mise en service en 1885, la voie ferrée a été déposée en 1982. Aujourd’hui, le train ne siffle donc plus mais de nombreuses traces de ce passé ferroviaire subsistent. Vo;Adultes, Enfants, Familles, PMR, Sportifs
250;Le Jardin du Roi de Rome à cheval;activity;olo:OrderedList, HorseTour, PointOfInterest, Tour;Cette boucle au départ des Ventes-Saint-Rémy vous fera traverser la forêt d’Eawy, massif forestier en partie classé en zone Natura 2000. A votre retour, prenez le temps de flâner dans le Jardin du Roi de Rome. Cette boucle au départ des Ventes-Saint-Rémy vous fera traverser la forêt d’Eawy, massif f;Adultes, Enfants
251;L'heure bleue;activity;PlaceOfInterest, PointOfInterest, SportsAndLeisurePlace;Yves Thuillier vous propose de découvrir les sites que vous aimez à travers une approche un peu différente : en sortant du mode « auto » de votre appareil et en utilisant les options qu’il offre pour réaliser des clichés sortant de la traditionnelle... Yves Thuillier vous propose de découvrir les si;Débutants
256;Patinoire Municipale;activity;schema:LocalBusiness, IceSkatingRink, PlaceOfInterest, PointOfInterest, SportsAndLeisurePlace;Venez passer un moment de détente en famille ou entre amis à la patinoire du Havre. Vous pourrez découvrir le jardin des glaces tous les dimanches matins, un parcours ludique pour faire découvrir les joies de la patinoire aux enfants. Venez passer un moment de détente en famille ou entre amis à la p;Adultes, Enfants, Familles
258;Parc la Fontaine Enchantée;activity;PlaceOfInterest, PointOfInterest, SportsAndLeisurePlace;Situé en plein air en lisière de forêt, adapté aux petits comme aux grands, venez vous divertir en famille. 16 attractions : structures gonflables, parcours gonflable XXL, toboggan géant, zone aquatique gonflable (maillot de bain obligatoire,... Situé en plein air en lisière de forêt, adapté aux pet;Adultes, Familles
259;Grumesnil;activity;olo:OrderedList, PointOfInterest, Tour, WalkingTour;nan nan;Adultes, Familles, Randonneurs
260;Circuit du manoir au Val;activity;olo:OrderedList, PointOfInterest, Tour, WalkingTour;nan nan;Adultes, Familles, Randonneurs
266;Office de Tourisme Intercommunal de Fécamp;activity;schema:TouristInformationCenter, LocalTouristOffice, PlaceOfInterest, PointOfInterest, TouristInformationCenter;nan Situé à l'entrée du port, Quai Sardi Carnot, l'Office de Tourisme Intercommunal de Fécamp vous accueille tout au long de l'année. Soucieux de l'accessibilité pour tous, l'Office de Tourisme est labellisé Tourisme & Handicap. L'équipe souhaite vous offrir un accueil de qualité et met à votre disp;Adultes, Familles, PMR
277;La Réformation;activity;olo:OrderedList, PointOfInterest, Tour, WalkingTour;Toute l’année, vous pourrez apprécier le rythme des saisons en milieu forestier. Vous emprunterez l’Allée des Limousins et aurez une vue surprenante sur cette traversée rectiligne. Toute l’année, vous pourrez apprécier le rythme des saisons en milieu forestier. Vous emprunterez l’Allée des Limousins;Adultes, Familles, Randonneurs
283;Les Ecuries des Vallées;activity;schema:LocalBusiness, EquestrianCenter, PlaceOfInterest, PointOfInterest, SportsAndLeisurePlace;Du simple bonheur de monter et de travailler un cheval à l'inépuisable envie de se perfectionner. Les chevaux des écuries des Vallées vous attendent pour pratiquer une équitation bienveillante et une progression harmonieuse. Pédagogie adaptée,... Du simple bonheur de monter et de travailler un cheva;Adultes, Enfants
285;Le Mont Rôti à VTT;activity;olo:OrderedList, CyclingTour, PointOfInterest, Tour;Si vous avez envie d'une sortie sportive à travers les paysages vallonnés typiques de la Vallée de la Bresle, alors ce circuit est fait pour vous ! Venez faire du VTT au coeur de la forêt d'Eu. Pour une ballade VTT en toute sécurité, pensez au casque et à la bouteille d'eau ! Vous serez ensuite prêt;Adultes, Sportifs
292;La Basse Vallée de la Durdent;activity;olo:OrderedList, PointOfInterest, Tour, WalkingTour;Ce circuit nature de 7 km (dont 6,3 km = 90% en site propre goudronné sans voiture) est jalonné de 6 panneaux pour découvrir et comprendre les attraits naturels, faunistiques et floristiques de la basse vallée de la Durdent. Promenade familiale idéale avec enfants en poussette ou à vélo. Ce circuit ;Adultes, Enfants, Familles, Randonneurs
306;Le Val Saint-Etienne à VTT;activity;olo:OrderedList, CyclingTour, PointOfInterest, Tour;Après une visite au Musée du Cidre et des Métiers Traditionnels, repartez à la découverte du Val SaintEtienne qui vous mènera vers de remarquables richesses notamment la chapelle Saint-Etienne et sa source. Sur le chemin du retour, vous passerez à proximité du Golf de Saint-Saëns. Après une visite a;Adultes, Familles, Sportifs
312;Base Nautique et de Loisirs de Bédanne;activity;PlaceOfInterest, PointOfInterest, SportsAndLeisurePlace;À 15 minutes de Rouen et à une heure de Paris, découvrez la base nautique et de loisirs de Bédanne, un espace nature où les petits et les grands pourront s’amuser en toute sécurité. La base se trouvant à Tourville la Rivière est un équipement... À 15 minutes de Rouen et à une heure de Paris, découvr;Adultes, Enfants, Familles
313;Woupi;activity;PlaceOfInterest, PointOfInterest, SportsAndLeisurePlace;Woupi Grand Quevilly est une aire de jeux et d'activité de 1 800m² pour les enfants de 1 à 12 ans. Espace couvert et chauffé. > Enfants de 1 à 3 ans : un espace de jeu avec toboggan, piscine à balles et autres jeux pour faire comme les grands,... Woupi Grand Quevilly est une aire de jeux et d'activi;Adultes, Enfants, Familles
325;Les Grands Genêts;activity;olo:OrderedList, PointOfInterest, Tour, WalkingTour;Sur 5h de marche, vous passerez par le hameau de Richebourg qui porte le nom de l'ancien château démoli en 1826. Vous randonnerez dans des paysages variés en Forêt de Lyons et en plaines. Sur 5h de marche, vous passerez par le hameau de Richebourg qui porte le nom de l'ancien château démoli en 1826.;Adultes, Familles, Randonneurs
326;Le Goulet à VTT;activity;olo:OrderedList, CyclingTour, PointOfInterest, Tour;Cet itinéraire vous plongera dans la forêt d’Eawy et vous emmènera à la découverte des hameaux de la commune des Grandes-Ventes. Il sera possible en fonction des saisons d’apercevoir à proximité de la route forestière du « Four Coffard » un élevage de bisons et de cerfs. Cet itinéraire vous plongera;Adultes, Enfants, Familles, Sportifs
329;La Plaine du Moulin;activity;olo:OrderedList, PointOfInterest, Tour, WalkingTour;nan nan;Adultes, Familles, Randonneurs
333;Gare de Le Houlme;activity;schema:TrainStation, PlaceOfInterest, PointOfInterest, TrainStation, Transport;nan nan;Adultes, Familles
338;La VéloCauchoise;activity;olo:OrderedList, CyclingTour, PointOfInterest, Tour;Reliez la Cité des Ducs de Normandie de Fécamp à la Cité Antique de Lillebonne. Les 50 km de vélo vous invite à une véritable découverte des pépites du Pays de Caux : tradition textile et linière, vergers et travail autour de la pomme, clos masure, theâtre Gallo-Romain etc., cette toute nouvelle vél;Adultes, Sportifs
343;Gare de Motteville;activity;schema:TrainStation, PlaceOfInterest, PointOfInterest, TrainStation, Transport;nan nan;Adultes, Familles
345;Le Grand Tour du Trait à VTT;activity;olo:OrderedList, CyclingTour, PointOfInterest, Tour;Cette boucle débute aux confins de Duclair à la maison forestière de la Haye d'Yainville. Au cœur de la forêt du Trait-Maulévrier, vous passerez près de la mare Catelière avant d'atteindre la Haye des Perques, ancienne maison forestière où vous pourrez admirer un pin remarquable. Cette boucle débute;Adultes, Familles, Sportifs
349;Le Vallon;activity;olo:OrderedList, CyclingTour, PointOfInterest, Tour;nan nan;Adultes, Sportifs
362;Gare d'Yvetot;activity;schema:TrainStation, PlaceOfInterest, PointOfInterest, TrainStation, Transport;nan nan;Adultes, Familles
368;Gare de Montville;activity;schema:TrainStation, PlaceOfInterest, PointOfInterest, TrainStation, Transport;nan nan;Adultes, Familles
389;Le Mont Lévêque à VTT;activity;olo:OrderedList, CyclingTour, PointOfInterest, Tour;Une balade à la campagne pour découvrir fermes, églises, châteaux et maisons normandes sur votre chemin. Une balade à la campagne pour découvrir fermes, églises, châteaux et maisons normandes sur votre chemin.;Adultes, Enfants, Familles, Randonneurs, Sportifs
390;Le Genetey;activity;olo:OrderedList, PointOfInterest, Tour, WalkingTour;Du village à flanc de coteau au hameau du Génetey en lisière de la forêt domaniale de Roumare, vous pourrez admirer le riche patrimoine qui jalonne le parcours: abbaye Saint Georges de Boscherville, Ferme des Templiers, Chapelle Saint Gorgon, demeures et fermes anciennes... Du village à flanc de cot;Adultes, Enfants, Familles, Randonneurs
401;Aire de pique-nique de Martainville-Epreville;activity;ConvenientService, PicnicArea, PlaceOfInterest, PointOfInterest;Tables de pique-nique situées dans le parc du Château de Martainville Tables de pique-nique situées dans le parc du Château de Martainville;Adultes, Familles
404;Les chemins de forrières;activity;olo:OrderedList, PointOfInterest, Tour, WalkingTour;Les chemins de forrières bordent les villages avec, d'un côté la vue sur les champs et de l'autre, sur le patrimoine des villages. Les chemins de forrières bordent les villages avec, d'un côté la vue sur les champs et de l'autre, sur le patrimoine des villages.;Adultes, Familles, Randonneurs
427;Les Magiciens de La Nuit;activity;PlaceOfInterest, PointOfInterest, SportsAndLeisurePlace, Theater;Depuis 30 ans, l’Association Les Magiciens de la Nuit propose des spectacles de type son et lumière sur le Pays de Caux et participe à l’animation du territoire en apportant son savoir faire aux créateurs d’évènements conformément à son idéal :... Depuis 30 ans, l’Association Les Magiciens de la Nui;Adultes, Familles
453;L'Effet des Fées;activity;PlaceOfInterest, PointOfInterest, SportsAndLeisurePlace;L'Effet des Fées, c'est une ferme d'animations et d'ateliers créatifs qui promeut le développement durable, les projets culturels, et la sensibilisation à l'environnement, la découverte de la faune et la flore, et l'exposition d'artistes et... L'Effet des Fées, c'est une ferme d'animations et d'atel;Adultes, Enfants, Familles, Randonneurs
454;Centre aquatique E'Caux Bulles;activity;PlaceOfInterest, PointOfInterest, SportsAndLeisurePlace;Pour toute la famille, des bassins qui n’attendent que vous : des nombreux jeux comme des cascades d’eau, des canons à eau, des jets massants, des plaques à bulles, un pentagliss extérieur, une pataugeoire ludique. Vous trouverez également un espace... Pour toute la famille, des bassins qui n’attend;Adultes, Enfants, Familles
459;Port de Plaisance;activity;PlaceOfInterest, PointOfInterest, SportsAndLeisurePlace;A 15 miles entre Dieppe et Fécamp, le port de plaisance intercommunal de Saint-Valery -en-Caux bénéficie d’une situation géographique privilégiée, en plein cœur de la ville, à proximité de tous les commerces. Rythmé quotidiennement par les marées,... A 15 miles entre Dieppe et Fécamp, le port de pla;Adultes, Familles
479;La Bichotterie;activity;olo:OrderedList, PointOfInterest, Tour, WalkingTour;Ce circuit familial vous permettra de découvrir un paysage rural préservé typiquement cauchois. Ce circuit familial vous permettra de découvrir un paysage rural préservé typiquement cauchois.;Adultes, Familles, Randonneurs
481;Bourvil à bicyclette;activity;olo:OrderedList, CyclingTour, PointOfInterest, Tour;Originaire de Prétot-Vicquemare, André Raimbourg (alias Bourvil, en hommage au village de Bourville où il grandit) est l’un des plus célèbres Cauchois. Il passa sa jeunesse dans le Pays de Caux, entre la ferme familiale, l’école de Doudeville et la boulangerie de Saint-Laurent-en-Caux avant de deven;Adultes, Enfants, Familles, Sportifs
483;Le Mont de Beaussault;activity;olo:OrderedList, PointOfInterest, Tour, WalkingTour;Située sur la bordure nord de la Boutonnière du Pays de Bray, cette boucle vous fera parcourir le versant boisé de la commune et le fond de la dépression brayonne ou serpente le Toupray. Située sur la bordure nord de la Boutonnière du Pays de Bray, cette boucle vous fera parcourir le versant boisé d;Adultes, Familles, Randonneurs
484;Aire de pique-nique de Bosc-le-Hard;activity;ConvenientService, PicnicArea, PlaceOfInterest, PointOfInterest;L'aire est située près de la mare aux nénuphars (accès par la rue Jeanne la Lorraine) L'aire est située près de la mare aux nénuphars (accès par la rue Jeanne la Lorraine);Adultes, Familles
502;À la découverte de Bondeville et Colleville;activity;olo:OrderedList, PointOfInterest, Tour, WalkingTour;Boucle qui permet la découverte du patrimoine autour de Bondeville, par la Véloroute du Lin. Boucle qui permet la découverte du patrimoine autour de Bondeville, par la Véloroute du Lin.;Adultes, Familles, Randonneurs
511;Point Location Nautisme;activity;PlaceOfInterest, PointOfInterest, SportsAndLeisurePlace;Sur le front de mer, une équipe d'animateurs diplômés vous propose : la location de planches à voile, kayaks, paddle board des cours particuliers sur planche à voile. Des cours particulier d'initiation au wingFoil sont possibles sur réservation. Sur le front de mer, une équipe d'animateurs diplômés ;Adultes, Débutants, Familles
535;La Paysagerie;activity;schema:Product, PlaceOfInterest, PointOfInterest, Practice, Product, SportsAndLeisurePlace;La Paysagerie en Caux est un écrin naturel préservé, propice à la détente et à la découverte. Engagé dans une gestion écologique et protégé durablement par une Obligation Réelle Environnementale (ORE), le site offre une immersion authentique au cœur... La Paysagerie en Caux est un écrin naturel prés;Adultes, Enfants, Familles
537;Entre Varenne et Scie;activity;olo:OrderedList, PointOfInterest, Tour, WalkingTour;De la vallée de la Scie à celle de la Varenne, les amateurs et confirmés de randonnée traverseront les chemins, pour une balade sportive et revigorante. Alors, ça vous tente ? De la vallée de la Scie à celle de la Varenne, les amateurs et confirmés de randonnée traverseront les chemins, pour une bal;Adultes, Familles, Randonneurs
540;Boucle VTT de Saint-Jean-de-Folleville;activity;olo:OrderedList, CyclingTour, PointOfInterest, Tour;Une boucle VTT aménagée sur les hauteurs de la Vallée de la Seine et qui fera le plaisir des sportifs. Une boucle VTT aménagée sur les hauteurs de la Vallée de la Seine et qui fera le plaisir des sportifs.;Adultes, Sportifs
544;Centre équestre des Droops;activity;schema:LocalBusiness, EquestrianCenter, PlaceOfInterest, PointOfInterest, SportsAndLeisurePlace;Aude vous accueille dans sa ferme pour vous faire découvrir le monde des équins ainsi que les animaux de la ferme. Au programme : Cours d’équitation, balades à poneys et découverte de la mini ferme. Les infrastructures sont particulièrement adaptées... Aude vous accueille dans sa ferme pour vous fai;Adultes, Enfants, Familles, PMR, Randonneurs
546;LU6D;activity;schema:AmusementPark, PlaceOfInterest, PointOfInterest, SportsAndLeisurePlace, ThemePark;"Escape Room Mobile 1 salle, 1 énigme, des énigmes et 60 minutes pour s'échapper d'un décor. Brainscape vous installe des escapes room dans votre lieu de séminaire. Une activité innovante, qui réunit les valeurs de l'entreprise ""écoute, communication... Escape Room Mobile 1 salle, 1 énigme, des énigm";Adultes, Enfants, Familles
548;PR La Forêt de Jumièges;activity;olo:OrderedList, PointOfInterest, Tour, WalkingTour;Entre châteaux et abbayes Entre châteaux et abbayes;Adultes, Familles, Randonneurs
550;La Fumisterie - dîners spectacles;activity;PlaceOfInterest, PointOfInterest, SportsAndLeisurePlace, Theater;La Fumisterie transforme un hangar emblématique en bordure de la vélo-route en un lieu unique de dîner-spectacle. Dans ce cadre portuaire authentique, vous pourrez déguster des plats maison, locaux et abordables, préparés dans notre camion-cuisine,... La Fumisterie transforme un hangar emblématique ;Adultes, Familles
563;Aire de pique-nique de Montville;activity;ConvenientService, PicnicArea, PlaceOfInterest, PointOfInterest;Située près de la base de loisirs de Montville Située près de la base de loisirs de Montville;Adultes, Familles
567;A.R.C.A.D.E. Bowling;activity;BowlingAlley, PlaceOfInterest, PointOfInterest, SportsAndLeisurePlace;Amis, familles, petits et grands, tout le monde est invité à tester les pistes de bowling de l'A.R.C.A.D.E ! Le bowling c’est quatre pistes, un bar, une affiliation à la fédération française de bowling, des soirées privées, des anniversaires et une... Amis, familles, petits et grands, tout le monde ;Adultes, Enfants, Familles
607;Sur la trace des chevaux;activity;olo:OrderedList, EducationalTrail, PlaceOfInterest, PointOfInterest, SportsAndLeisurePlace, Tour, WalkingTour;Une balade sur les traces des chevaux dans la Réserve Naturelle de l'estuaire de la Seine. Ce territoire protégé est géré de façon écologique avec l'aide des animaux tels que les chevaux, les vaches ou encore les chèvres. Venez admirer le point de vue imprenable en haut de la butte Gascheau et en ap;Adultes, Enfants, Familles, Groupes scolaires, Randonneurs
609;La Côte de la Vierge;activity;olo:OrderedList, PointOfInterest, Tour, WalkingTour;Boucle à la découverte du Cap Fagnet et la campagne Cauchoise. Boucle à la découverte du Cap Fagnet et la campagne Cauchoise.;Adultes, Familles, Randonneurs
614;Enigma Keys;activity;PlaceOfInterest, PointOfInterest, SportsAndLeisurePlace;Chasse au trésor, et énigme interactive, l'Escape Game Outdoor (jeu d'évasion en extérieur) est l'un des meilleurs moyens d'explorer la nature environnante tout en s'amusant. Selon différents scénarios, découvrez la faune et la flore ainsi que le... Chasse au trésor, et énigme interactive, l'Escape ;Adultes, Familles
618;Team Break Rouen;activity;PlaceOfInterest, PointOfInterest, SportsAndLeisurePlace;Vous souhaitez organiser une sortie originale entre amis ou en famille?Venez découvrir notre live escape game Team Break à Rouen ! Votre but ici est de sauver le monde en moins de 60 minutes autour d'une activité ludique ou la logique, l'observation... Vous souhaitez organiser une sortie originale e;Adultes, Familles
622;Boucle de l'Hippodrome à cheval;activity;olo:OrderedList, HorseTour, PointOfInterest, Tour;Après avoir gravi la côte du Mont Hallebout, vous pourrez découvrir l’oratoire Saint Blaise à la croix du Parc. Vous longerez le Bois Gamet classé Espace Naturel Sensible du Département de Seine Maritime puis surplomberez l’Hippodrome de Mauquenchy avec un superbe panorama. Après avoir gravi la côte;Adultes, Enfants
629;Entre Seine et Terre;activity;olo:OrderedList, PointOfInterest, Tour, WalkingTour;Coup de cœur pour une boucle de randonnée aux superbes panoramas sur la Seine depuis la commune de Norville. En sillonnant hameaux et villages, on vous garantit une agréable randonnée qui saura vous surprendre ! Coup de cœur pour une boucle de randonnée aux superbes panoramas sur la Seine depuis la ;Adultes, Familles, Randonneurs
638;La Cavée des Sabotiers;activity;olo:OrderedList, PointOfInterest, Tour, WalkingTour;Cette belle boucle de 2h met en valeur le paysage de la vallée de l'Andelle. Vous passerez devant un oratoire dédié à Sainte-Anne. Cette belle boucle de 2h met en valeur le paysage de la vallée de l'Andelle. Vous passerez devant un oratoire dédié à Sainte-Anne.;Adultes, Familles, Randonneurs
639;Guillaume Fourrier · Guide de pêche · 29 records France et monde;activity;PlaceOfInterest, PointOfInterest, SportsAndLeisurePlace;Depuis toujours, Guillaume Fourrier vit sa passion pour la pêche des gros poissons avec une expertise rare. Véritable référence dans le domaine, il a su attirer l’attention de la presse locale et nationale, battant au passage 28 records officiels de... Depuis toujours, Guillaume Fourrier vit sa pass;Adultes, Débutants, Familles
648;Chez le roi des Canaries;activity;olo:OrderedList, PointOfInterest, Tour, WalkingTour;Parcourez cet itinéraire long de 25km à la découverte de la campagne du Pays de Caux. Parcourez cet itinéraire long de 25km à la découverte de la campagne du Pays de Caux.;Adultes, Familles, Randonneurs
650;Terre du Lin à VTT;activity;olo:OrderedList, CyclingTour, PointOfInterest, Tour;"Ce circuit de 12 km (dont 4,2 km sur chemin) débute par la ""Véloroute du Lin"", passe par la coopérative linière la plus importante de France pour rejoindre le plateau et découvrir le patrimoine des villages traversés. Ce circuit de 12 km (dont 4,2 km sur chemin) débute par la ""Véloroute du Lin"", pas";Adultes, Sportifs
651;Port de plaisance de Saint-Aubin lès Elbeuf;activity;Marina, PlaceOfInterest, PointOfInterest, SportsAndLeisurePlace;Situé dans un cadre champêtre, le port de plaisance de Saint-Aubin-Les-Elbeuf est aménagé dans les anciennes écluses de l'Ile de La Requête . Il dispose de 70 anneaux à l'eau. Ses équipements et sa capitainerie sont implantés sur l'Île de la Requête. Situé dans un cadre champêtre, le port de plaisan;Adultes
657;Mont Madame;activity;olo:OrderedList, PointOfInterest, Tour, WalkingTour;L'itinéraire permettra aux promeneurs de cheminer à travers la Forêt d'eu et découvrir ses poteaux indicateurs. Ceux-ci présentent la particularité d'être en fonte, ce qui les rend unique en France ! A proximité du circuit, vous pourrez aussi observer le Château de la Grande Vallée et la Chapelle Du;Adultes, Familles, Randonneurs
662;Circuit de la mer;activity;olo:OrderedList, CyclingTour, PointOfInterest, Tour;Au départ Quiberville-sur-mer sur la Côte d’Albâtre, vous partez à la découverte de deux magnifiques vallées, la vallée de la Saâne, riche d'un patrimoine architectural conséquent, et la vallée du Dun aux reliefs doux, réputée dans le monde entier pour la qualité de son lin. C'est parti pour une ran;Adultes, Randonneurs, Sportifs
665;La Mare aux Daims à VTT;activity;olo:OrderedList, CyclingTour, PointOfInterest, Tour;Un joli parcours VTT pour une matinée ou un après-midi en Pays de Bray.Au départ de l'église de Flamets Frétils, vous voici immergé dans les paysages brayons traditionnels. Ici, les pelouses vertes et grasses sont propices à l'élevage qui donnera le lait, matière première de l'emblème de la gastrono;Adultes, Familles, Sportifs
666;Les Clos Masures à VTT;activity;olo:OrderedList, CyclingTour, PointOfInterest, Tour;nan nan;Adultes, Sportifs
670;Les Bains des Docks - Institut;activity;PlaceOfInterest, PointOfInterest, SportsAndLeisurePlace;D'une superficie de 5 000 m², le centre aquatique Les Bains des Docks vous propose différents espaces. Un espace ludique avec pataugeoire , lagon enfant, lagon intérieur/extérieur et ses cascades, SPA collectif, toboggan, canon à eau. Un bassin... D'une superficie de 5 000 m², le centre aquatique Le;Adultes, Enfants, Familles, Sportifs
675;Routes par le Maroc;activity;olo:OrderedList, PointOfInterest, Tour, WalkingTour;Cette boucle de randonnée offre un vrai bain de nature entre champs et forêts en plein cœur de la campagne cauchoise. Sur votre chemin vous pourrez admirer différentes cultures que l'on retrouve dans le Pays de Caux comme le lin ou le blé. Chaque parcelle apporte une touche de couleur dans ces vaste;Adultes, Familles, Randonneurs
681;Aéroport Rouen Vallée de Seine;activity;schema:Airport, Airport, PlaceOfInterest, PointOfInterest, Transport;Dédié au service public, l'Aéroport Rouen Vallée de Seine accueille des vols d'affaires, des vols sanitaires en relation avec le CHU de Rouen, des vols militaires, ainsi que des vols de formation et de loisirs. Il se situe sur la commune de Boos,... Dédié au service public, l'Aéroport Rouen Vallée d;Adultes
682;Sur la Route de l'Ouraille;activity;olo:OrderedList, HorseTour, PointOfInterest, Tour;Une randonnée équestre dans le Pays de Caux et à travers la forêt domaniale du Trait-Maulévrier pour les cavaliers contemplatifs. Au fil des kilomètres, vous découvrirez des paysages qualifiés par certains d'exceptionnels! La balade se poursuit à la rencontre de charmants petits villages, où une pau;Adultes, Enfants, Familles, Randonneurs
686;Aire de pique-nique du Bocasse;activity;ConvenientService, PicnicArea, PlaceOfInterest, PointOfInterest;Située dans le centre du village, en face de l'église Située dans le centre du village, en face de l'église;Adultes, Familles
688;Le Chemin des Ecoliers à VTT;activity;olo:OrderedList, CyclingTour, PointOfInterest, Tour;Sur cet itinéraire vous trouverez des panneaux vous indiquant les caractéristiques, noms et histoires des essences d’arbres présentes. Vous pourrez apprécier également le carcahoux, véritable symbole de la Forêt d’Eawy. Sur cet itinéraire vous trouverez des panneaux vous indiquant les caractéristiqu;Adultes, Sportifs
690;Le Bourg Joli;activity;olo:OrderedList, PointOfInterest, Tour, WalkingTour;Cette boucle porte le nom d'un des dix hameaux du village de Varneville-Bretteville. Au détour des jolies hêtraies et talus cauchois, vous pourrez contempler l'Eglise Saint-Médard et tout proche, un puits. Cette boucle porte le nom d'un des dix hameaux du village de Varneville-Bretteville. Au détour;Adultes, Familles, Randonneurs
700;Salle Culturelle La Ficelle;activity;PlaceOfInterest, PointOfInterest, SportsAndLeisurePlace;La salle culturelle La Ficelle est un équipement moderne et qualitatif qui accueille tous types d'évènements culturels. C'est une salle modulable de 1000m2 implantée au coeur de Goderville. Sa modularité et ses équipements lui permettent... La salle culturelle La Ficelle est un équipement moderne et;Adultes, Familles
705;Au Cœur des Deux Vallées à VTT;activity;olo:OrderedList, CyclingTour, PointOfInterest, Tour;Boucle de la vallée de la Ganzeville à la vallée de la Valmont Boucle de la vallée de la Ganzeville à la vallée de la Valmont;Adultes, Sportifs
708;Les clos masures;activity;olo:OrderedList, HorseTour, PointOfInterest, Tour;nan nan;Adultes, Enfants
711;Autour de Guernesey;activity;olo:OrderedList, PointOfInterest, Tour, WalkingTour;Courte boucle qui permet de découvrir la campagne du Pays de Caux. Courte boucle qui permet de découvrir la campagne du Pays de Caux.;Adultes, Familles, Randonneurs
718;Centre Aquatique Aqualoup;activity;schema:LocalBusiness, PlaceOfInterest, PointOfInterest, SportsAndLeisurePlace, SwimmingPool;Le centre aquatique Aqualoup est équipé d'une piscine sportive et ludique avec toboggan, canon, geyser, parapluie d'eau, bassin pour les tout-petits. De nombreuses activités vous sont proposées : animations pendant les vacances scolaires, cours de... Le centre aquatique Aqualoup est équipé d'une pis;Adultes, Enfants, Familles, Sportifs
734;PR La Forêt de Montgeon;activity;olo:OrderedList, PointOfInterest, Tour, WalkingTour;Une randonnée en pleine nature au cœur du Havre Une randonnée en pleine nature au cœur du Havre;Adultes, Familles, Randonneurs
739;SEALAR AÉROPORT LE HAVRE;activity;schema:Airport, Airport, PlaceOfInterest, PointOfInterest, Transport;SEALAR participe ainsi au développement économique de nombreux territoires, et est un partenaire de confiance pour les concédants comme pour les usagers des plateformes. Son réseau en croissance et celui de ses actionnaires intègrent les aéroports... SEALAR participe ainsi au développement économiqu;Adultes, Familles
757;Au fil de la Lézarde;activity;olo:OrderedList, PointOfInterest, Tour, WalkingTour;Au départ d'Harfleur, ce circuit vous propose de découvrir les richesses patrimoniales du territoire. Au départ d'Harfleur, ce circuit vous propose de découvrir les richesses patrimoniales du territoire.;Adultes, Familles, Randonneurs
761;Le Chemin des Ecoliers;activity;olo:OrderedList, PointOfInterest, Tour, WalkingTour;Sur cet itinéraire vous trouverez des panneaux vous indiquant les caractéristiques, noms et histoires des essences d’arbres présentes. Vous pourrez apprécier également le carcahoux, véritable symbole de la Forêt d’Eawy. Sur cet itinéraire vous trouverez des panneaux vous indiquant les caractéristiqu;Adultes, Familles, Randonneurs
768;Quarter Horse Dream;activity;schema:LocalBusiness, EquestrianCenter, PlaceOfInterest, PointOfInterest, SportsAndLeisurePlace;Les installations du centre équestre que Guy Duponchel a imaginé, se veulent inspirées des constructions que l’on trouve dans l’Ouest américain. En parfaite harmonie avec le site naturel dans lequel il se trouve, le Quarter Horse Dream ne séduit pas... Les installations du centre équestre que Guy Du;Adultes, Débutants, Enfants, Randonneurs
776;Les Bruyères;activity;olo:OrderedList, PointOfInterest, Tour, WalkingTour;Le circuit des Bruyères vous amène à la conquête des paysages vallonnés typiques du Pays de Bray, pour une randonnée en toute tranquillité. Le circuit des Bruyères vous amène à la conquête des paysages vallonnés typiques du Pays de Bray, pour une randonnée en toute tranquillité.;Adultes, Familles, Randonneurs
778;La Forge;activity;olo:OrderedList, PointOfInterest, Tour, WalkingTour;Au départ de Valmont, découvrez un riche patrimoine historique et naturel. Puis, empruntez la Véloroute du Lin pour remonter à la source de la rivière Au départ de Valmont, découvrez un riche patrimoine historique et naturel. Puis, empruntez la Véloroute du Lin pour remonter à la source de la rivièr;Adultes, Familles, Randonneurs
780;Les Bains des Docks;activity;PlaceOfInterest, PointOfInterest, SportsAndLeisurePlace;Explorez l'architecture exceptionnelle de Jean Nouvel au cœur de la ville du Havre, où un complexe de 5 000 m² vous invite à découvrir un univers dédié à la natation, au sport, au loisir et au bien-être. Les Bains des Docks vous offrent une variété... Explorez l'architecture exceptionnelle de Jean N;Adolescents, Adultes, Enfants, Familles, Sportifs
781;Le Nouveau Monde;activity;olo:OrderedList, PointOfInterest, Tour, WalkingTour;Ce circuit de 5,2 km (dont 3,6 km sur chemin) vous emmènera en promenade entre coteaux boisés et vallons. Ce circuit de 5,2 km (dont 3,6 km sur chemin) vous emmènera en promenade entre coteaux boisés et vallons.;Adultes, Familles, Randonneurs
807;Cercle de la Voile de Dieppe;activity;PlaceOfInterest, PointOfInterest, SportsAndLeisurePlace;Le Cercle de la Voile de Dieppe propose une variété d'activités nautiques pour tous les niveaux. ⛵ - Stage sur voilier habitable - Cours de voile légère sur optimist (adaptés aux enfants à partir de 6 ans) - Stage de navigation en weekend ou en... Le Cercle de la Voile de Dieppe propose une variété ;Adultes, Enfants, Familles
813;Les Monts;activity;olo:OrderedList, PointOfInterest, Tour, WalkingTour;Petite boucle qui allie découverte du patrimoine bâti et du paysage brayon. Ce parcours offre un superbe panorama sur le village de Sigy-en-Bray depuis les Monts de Sigy, site naturel. Petite boucle qui allie découverte du patrimoine bâti et du paysage brayon. Ce parcours offre un superbe panorama s;Adultes, Familles, Randonneurs
820;Family's Games;activity;PlaceOfInterest, PointOfInterest, SportsAndLeisurePlace;Vous cherchez l'endroit idéal pour une expérience de jeu exceptionnelle ? Ne cherchez pas plus loin ! Les salles d'arcades Family's Games sont ouvertes à tous, petits et grands ! Bienvenue dans l'espace Family's Games au sein du centre commercial... Vous cherchez l'endroit idéal pour une expérience ;Adultes, Enfants, Familles
831;Le Marie-Cloche à VTT;activity;olo:OrderedList, CyclingTour, PointOfInterest, Tour;Muni d'un casque et de lunettes, voici un parcours idéal pour les familles qui recherchent le calme de la nature. Une bouteille d'eau et un petit kit de réparation sont toujours les bienvenus en cas de besoin. Votre point de départ vous révèle le passé ferrovière des lieux aujourd'hui réhabilité en ;Adultes, Familles, Sportifs
842;La Petite “Lourdes”;activity;olo:OrderedList, PointOfInterest, Tour, WalkingTour;Randonnée insolite à la découverte de Criquetot sur Ouville, village natal de Charles Angrand, et connu pour sa “petite Lourdes”… Randonnée insolite à la découverte de Criquetot sur Ouville, village natal de Charles Angrand, et connu pour sa “petite Lourdes”…;Adultes, Familles, Randonneurs
849;Vedettes Baie de Seine - Traversées de l'estuaire;activity;schema:LocalBusiness, PlaceOfInterest, PointOfInterest, SightseeingBoat, SportsAndLeisurePlace;Au départ du Havre ou de Trouville-sur-Mer, les traversées de l’Estuaire vous feront découvrir l’autre rive de la Seine, le temps d’une journée ou d’une demi-journée. À bord du Gulf Stream II ou du Ville du Havre, vous profiterez également d’une... Au départ du Havre ou de Trouville-sur-Mer, les tra;Adultes, Familles
854;Dieppe Bowling;activity;PlaceOfInterest, PointOfInterest, SportsAndLeisurePlace;Venez passer un moment agréable au Bowling de Dieppe ! Plusieurs expériences divertissantes vous sont proposées : - 8 pistes de bowling pour défier vos proches dans une ambiance conviviale. - 8 billards pour ceux qui préfèrent une activité plus... Venez passer un moment agréable au Bowling de Dieppe;Adultes, Enfants, Familles
857;ULM 76;activity;PlaceOfInterest, PointOfInterest, SportsAndLeisurePlace;ULM 76 est basé sur l’aéroport du Havre-Octeville, ils vous font découvrir la Normandie vue du ciel en ULM pendulaire, tout en vous partageant leur passion pour l’aviation ! Survolez la Côte d’Albâtre, découvrez la baie de seine sous un autre... ULM 76 est basé sur l’aéroport du Havre-Octeville, ils;Adultes
868;La Vallée de la Ganzeville;activity;olo:OrderedList, CyclingTour, PointOfInterest, Tour;nan nan;Adultes, Sportifs
873;Les Acres à VTT;activity;olo:OrderedList, CyclingTour, PointOfInterest, Tour;Pour ce circuit, qui est en majeure partie en Forêt de Lyons, il est nécessaire de vérifier les périodes de chasse. N'hésitez pas à vous rendre au point de vue de la commune pour contempler le magnifique paysage de la boutonnière du Pays de Bray. Pour ce circuit, qui est en majeure partie en Forêt d;Adultes, Sportifs
878;Les Houx à VTT;activity;olo:OrderedList, CyclingTour, PointOfInterest, Tour;Vous serez séduit par le paysage varié entre forêt, vallon, village et hameaux. Pigeonniers et Château de la Reine Blanche sont à découvrir au cours de cette randonnée. A quelques mètres du circuit, l'Espace Naturel de la Roselière de Normanville est un site à ne pas manquer. Vous serez séduit par l;Adultes, Randonneurs, Sportifs
890;La Route de Pompon;activity;olo:OrderedList, CyclingTour, PointOfInterest, Tour;nan nan;Adultes, Sportifs
896;Earth Moov';activity;PlaceOfInterest, PointOfInterest, SportsAndLeisurePlace;Laurie Guerrero vous propose des ateliers créatifs pour sensibiliser les petits comme les grands aux enjeux climatiques de façon ludique et créative. Des ateliers ponctuels sont organisés dans les sites touristiques, les magasins bio, les... Laurie Guerrero vous propose des ateliers créatifs pour se;Adultes, Enfants, Familles
906;Office de tourisme de Bray Eawy;activity;schema:TouristInformationCenter, LocalTouristOffice, PlaceOfInterest, PointOfInterest, TouristInformationCenter;nan L'Office de Tourisme Bray-Eawy vous accueille au 6 place Notre-Dame, en centre-ville de Neufchâtel-en-Bray, face à l'église. Riche d'un patrimoine bâti encore préservé et tout aussi riche d'un patrimoine naturel surprenant, la Communauté Bray-Eawy se visite à pied, à vélo ou encore à cheval... T;Adultes, Enfants, Familles
907;Aux sources de l'Eaulne;activity;olo:OrderedList, PointOfInterest, Tour, WalkingTour;On vous propose un circuit de randonnée qui prend justement sa source aus sources de l’Eaulne, et plus précisément à Mortemer. Ce parcours allie à la fois promenade bucolique et effort sportif, le tout pour un après-midi plein de découvertes ! On vous propose un circuit de randonnée qui prend justem;Adultes, Familles, Randonneurs, Sportifs
909;SPORTEVENTS;activity;PlaceOfInterest, PointOfInterest, SportsAndLeisurePlace;SPORTEVENTS est un hub sportif et communautaire, un espace où les passionnés, les familles et les entreprises viennent s’entraîner, se défier et partager de vrais moments d’émotion. Des terrains intérieurs modernes Et des terrains de padel... SPORTEVENTS est un hub sportif et communautaire, un espac;Adultes, Sportifs
920;Circuit de La Rosière;activity;olo:OrderedList, CyclingTour, PointOfInterest, Tour;Partez à la découverte de Forges-les-Eaux en famille à travers cette balade à vélo de 16 km. Partez à la découverte de Forges-les-Eaux en famille à travers cette balade à vélo de 16 km.;Adultes, Familles, Randonneurs, Sportifs
922;Train touristique Rouen;activity;schema:LocalBusiness, PlaceOfInterest, PointOfInterest, SportsAndLeisurePlace, TouristTrain;Accès gratuit pour les détenteurs du ROUEN PASS 24h, 48h et 72h - Réservez dès maintenant https://www.visiterouen.com/rouen-pass/ Le Petit Train de Rouen vous emmène à la découverte des quartiers historiques de Rouen et vous permet d'apprécier la... Accès gratuit pour les détenteurs du ROUEN PASS 24;Adultes, Familles
928;Valleuse de Saussemare à VTT;activity;olo:OrderedList, CyclingTour, PointOfInterest, Tour;Ce circuit de 9,1 km (dont 6,6 km sur chemin) est une randonnée qui emmène à la découverte de la valleuse de Saussemare, des plateaux et de la vallée du Dun. Si le vent est au rendez-vous, vous profiterez du «ballet» des kite-surfs qui fréquentent la belle plage de sable de Saint-Aubin-sur-Mer. Ce c;Adolescents, Adultes, Randonneurs, Sportifs
929;Le Grand Eawy;activity;olo:OrderedList, CyclingTour, PointOfInterest, Tour;nan nan;Adultes, Sportifs
930;L'Andellix;activity;olo:OrderedList, PointOfInterest, Tour, WalkingTour;Du centre du village, rejoignez les Monts Alix et contemplez le paysage sur toute la vallée. Redescendez dans la vallée de l'Andelle, une des rivières qui a donné son nom à la Communauté de Communes. Du centre du village, rejoignez les Monts Alix et contemplez le paysage sur toute la vallée. Redesce;Adultes, Familles, Randonneurs
935;Longueville-sur-Scie à pied;activity;olo:OrderedList, PointOfInterest, Tour, WalkingTour;Longueville-sur-Scie a changé de nombreuses fois de nom au cours de son histoire. Autrefois appelée Longam Villam puis Longueville La Giffarde du nom du seigneur des lieux, elle finit par devenir Longueville-sur-Scie en raison de sa localisation resserrée au creux d'une vallée. Le temps de cette bal;Adultes, Familles, Randonneurs
947;Le Rougemont à VTT;activity;olo:OrderedList, CyclingTour, PointOfInterest, Tour;nan nan;Adultes, Sportifs
958;Un Vent de Liberté à VTT;activity;olo:OrderedList, CyclingTour, PointOfInterest, Tour;Avis aux sportifs amateurs de randonnée VTT, ce circuit est fait pour vous ! Partez pour 3 heures à travers plaine, bois et fond de vallée, en empruntant sur une dizaine de kilomètres le GR212®. Le patrimoine local se livre à vous : moulins, églises et autres panoramas dévoilant de charmantes vallée;Adultes, Randonneurs, Sportifs
966;Entre bois et valleuses;activity;olo:OrderedList, PointOfInterest, Tour, WalkingTour;Boucle à la découverte de l'architecture balnéaire de la Belle Époque en passant d'une valleuse à l'autre. Boucle à la découverte de l'architecture balnéaire de la Belle Époque en passant d'une valleuse à l'autre.;Adultes, Familles, Randonneurs
971;Sport Nautique et Plaisance du Havre;activity;NauticalCentre, PlaceOfInterest, PointOfInterest, SportsAndLeisurePlace;Le SNPH vous propose la pratique de la voile tout au long de l’année : De septembre à juin : venez découvrir ou vous perfectionner sur le support que vous souhaitez : de l’Optimist (la célèbre petite coque de noix) au First Class 7.5 (habitable) !... Le SNPH vous propose la pratique de la voile tout;Adolescents, Adultes, Débutants, Familles
972;Les Bruyères à VTT;activity;olo:OrderedList, CyclingTour, PointOfInterest, Tour;Le circuit des Bruyères vous amène à la conquête des paysages vallonnés typiques du Pays de Bray, pour une randonnée VTT en toute tranquillité. À travers bois et prairies humides, vous pourrez observer les nombreuses espèces végétales du bocage brayon. Le sentier longe aussi une zone écologique rich;Adultes, Randonneurs, Sportifs
980;Sur les pas des ramendeuses;activity;olo:OrderedList, PointOfInterest, Tour, WalkingTour;Cette itinéraire permet de suivre les pas des Ramendeuses, ces femmes qui réparaient les filets de pêches des Terres-Neuviers. Cette itinéraire permet de suivre les pas des Ramendeuses, ces femmes qui réparaient les filets de pêches des Terres-Neuviers.;Adultes, Familles, Randonneurs
985;La Mare au Thym;activity;olo:OrderedList, PointOfInterest, Tour, WalkingTour;Parcours à 70% sur les routes tranquilles de ce pittoresque village. La mare au Thym vous offre une pause agréable. Parcours à 70% sur les routes tranquilles de ce pittoresque village. La mare au Thym vous offre une pause agréable.;Adultes, Familles, Randonneurs
986;Vinotilus;activity;schema:LocalBusiness, PlaceOfInterest, PointOfInterest, SightseeingBoat, SportsAndLeisurePlace;Cette croisière participative sur voilier doté de trois cabines doubles s'adresse à des personnes ayant ou non une expérience en voile et désirant acquérir de la pratique en navigation d'une façon originale. Escales sur Deauville, Honfleur ou Fécamp... Cette croisière participative sur voilier doté ;Adultes, Familles
1009;L'Éclat d'Emaux - Sophie MARTINACHE;activity;PlaceOfInterest, PointOfInterest, SportsAndLeisurePlace;"Atelier émaux sur cuivre ""fabriquez votre bijou ou tableau émaillé sur cuivre !"" Public : enfants et adultes, enterrement de vie de jeune fille, team building, anniversaire enfants. Créativité et convivialité ! Atelier émaux sur cuivre ""fabriquez votre bijou ou tableau émaillé sur cuivre !"" Public :";Adultes, Enfants, Familles
1016;Parc de la Sauvagette;activity;PlaceOfInterest, PointOfInterest, SportsAndLeisurePlace;A Lanquetot, entre Le Havre et Yvetot, Le Parc de la Sauvagette vous accueille pour une journée en famille, entre animaux et jeux : Plus de 100 animaux de la ferme vivent dans le parc, pour certains rares ou originaux : âne miniature, moutons... A Lanquetot, entre Le Havre et Yvetot, Le Parc de la S;Adultes, Enfants, Familles
1019;Le Lihut;activity;olo:OrderedList, PointOfInterest, Tour, WalkingTour;Sur cet itinéraire, vous retrouverez un parcours pédagogique sur les arbres de la forêt d’Eawy. Vous passerez en lisière du carcahoux, hutte emblématique de la Forêt d’Eawy. Sur cet itinéraire, vous retrouverez un parcours pédagogique sur les arbres de la forêt d’Eawy. Vous passerez en lisière du ca;Adultes, Familles, Randonneurs
1021;La Ferté Saint Samson;activity;olo:OrderedList, PointOfInterest, Tour, WalkingTour;A proximité du départ de la boucle et de l’église Saint Pierre Saint Paul, s’offre l’un des plus beaux panoramas de la région. Une table d’orientation est aménagée sur la butte de la Ferté culminant à 189m. Quelques soit l’endroit où vous vous trouverez sur le parcours, la butte sera votre point de ;Adultes, Familles, Randonneurs
1030;Les Jacquemarts en attelage;activity;olo:OrderedList, HorseTour, PointOfInterest, Tour;Voici un parcours idéal pour une demi journée en attelage ! Partez à la découverte d'Auffay et de son ancienne collégiale Notre Dame, remontant aux Xlème et XIIème siècle et inscrite aux Monuments Historiques.Prenez le temps de vous arrêter pour rencontrer les célèbres Jacquemarts HOUZOU BENARD et P;Adultes, Enfants, Familles
1038;La Sente des Manoirs;activity;olo:OrderedList, PointOfInterest, Tour, WalkingTour;À travers ce circuit de randonnée, partez à la découverte de l’histoire de la commune à travers ses manoirs et les spécificités de l’architecture valassienne. Munis d’une bonne paire de chaussures et d’une bouteille d’eau, vous êtes prêts ! À travers ce circuit de randonnée, partez à la découverte d;Adultes, Familles, Randonneurs
1039;Aire de pique-nique de Clères;activity;ConvenientService, PicnicArea, PlaceOfInterest, PointOfInterest;Située en face du Parc de Clères, ouvert aux périodes et horaires d'ouverture du Parc. 22 tables de pique-nique dont 10 tables couvertes. Bancs, point d’eau et WC à disposition. Située en face du Parc de Clères, ouvert aux périodes et horaires d'ouverture du Parc. 22 tables de pique-nique dont 10 ta;Adultes, Familles
1061;Vers la Forêt d'Eawy;activity;olo:OrderedList, PointOfInterest, Tour, WalkingTour;De bonnes chaussures de randonnée aux pieds, le sac sur le dos avec de quoi se restaurer et un vêtement chaud par mesure de sécurité, ça y est vous êtes parés pour cette journée en Pays de Bray. En grimpant vers la Forêt d'Eawy ne manquez pas de vous retourner pour admirer la vallée de la Béthune et;Adultes, Familles, Randonneurs
1066;Le bois du Temple;activity;olo:OrderedList, PointOfInterest, Tour, WalkingTour;Sur ce circuit de randonnée vous trouverez un point de vue imprenable sur le Pays de Bray ! Sur ce circuit de randonnée vous trouverez un point de vue imprenable sur le Pays de Bray !;Adultes, Familles, Randonneurs
1072;Aux portes d'Yvetot à VTT;activity;olo:OrderedList, CyclingTour, PointOfInterest, Tour;Randonnée à travers champs et forêt (certaines parties de l’itinéraire sont plus difficiles – zone humide). Randonnée à travers champs et forêt (certaines parties de l’itinéraire sont plus difficiles – zone humide).;Adultes, Randonneurs, Sportifs
1074;Poney Club de Gonfreville l'Orcher;activity;schema:LocalBusiness, EquestrianCenter, PlaceOfInterest, PointOfInterest, SportsAndLeisurePlace;Situé à la sortie du Havre, dans une propriété d'une vingtaine d'hectares, le Poney-Club de Gonfreville l'Orcher, labellisé Poney-Club de France, vous propose de nombreuses activités : cours d'équitation pour tous les niveaux, horse-ball, voltige,... Situé à la sortie du Havre, dans une propriété d';Adultes, Enfants
1082;Routes par le Maroc;activity;olo:OrderedList, CyclingTour, PointOfInterest, Tour;Marchez sur cette boucle de randonnée... et peu à peu, le bruit s’efface. Autour de vous, les champs s’étendent à perte de vue. Lin, blé, cultures en mosaïque… chaque saison redessine le paysage et colore la campagne cauchoise. Ici, la lumière joue avec les parcelles et transforme la balade en table;Adultes, Familles, Randonneurs, Sportifs
1086;Atelier Terre de Bray;activity;PlaceOfInterest, PointOfInterest, SportsAndLeisurePlace;CALAC Terre de Bray est une association qui a pour but de faire perdurer dans le Pays de Bray une tradition très ancienne de production céramique (poterie de Martincamp, faïence de Forges-les-Eaux…). Les bénévoles travaillent le grès, la faïence et... CALAC Terre de Bray est une association qui a po;Adultes, Familles
1092;Cirque Théâtre d'Elbeuf;activity;PlaceOfInterest, PointOfInterest, SportsAndLeisurePlace, Theater;Sans équivalent dans l’univers du spectacle, le Cirque-Théâtre d’Elbeuf, construit en 1892, reste l’un des huit derniers cirques en dur visibles en France et le seul à posséder un espace scénique composé d’une piste circulaire et d’une scène de... Sans équivalent dans l’univers du spectacle, le Cirq;Adultes, Familles
1114;Le Tour d'Hénouville;activity;olo:OrderedList, PointOfInterest, Tour, WalkingTour;Oxygénez-vous sur cette randonnée qui propose au départ du village d'Hénouville un environnement diversifié entre prairies et forêt. Oxygénez-vous sur cette randonnée qui propose au départ du village d'Hénouville un environnement diversifié entre prairies et forêt.;Adultes, Familles, Randonneurs
1118;Circuit de la Sâane;activity;olo:OrderedList, CyclingTour, PointOfInterest, Tour;Partez à la découverte de la Vallée de la Sâane au coeur de la Normandie. Au cours de cette randonnée prêtez l'oeil au patrimoine riche qui compose de cette vallée : ancienne gare réhabilitée en bibliothèque, Manoir, Musée ou encore Eglise. Ces 27 kms de randonnée ne cesseront de vous charmer. Parte;Adultes, Randonneurs, Sportifs
1132;Parcours du Saint-Mellon;activity;olo:OrderedList, EducationalTrail, PlaceOfInterest, PointOfInterest, SportsAndLeisurePlace, Tour, WalkingTour;nan nan;Adultes, Enfants, Familles, Groupes scolaires, Randonneurs
1134;Creppeville à Vaudreville à VTT;activity;olo:OrderedList, CyclingTour, PointOfInterest, Tour;Au départ de Longueville-sur-Scie vous remonterez en VTT vers Lintot les Bois, village dont le nom vient du fait qu'il est entouré de deux bosquets : le Bois de Creppeville et le Bois de Lintot. Au départ de Longueville-sur-Scie vous remonterez en VTT vers Lintot les Bois, village dont le nom vient ;Adultes, Sportifs
1140;Cours - Golf de Yerville;activity;schema:GolfCourse, ActivityProvider, GolfCourse, PlaceOfInterest, PointOfInterest, SportsAndLeisurePlace;Que vous soyez débutant ou pratiquant confirmé, vous trouverez au sein du Golf de Yerville des équipements adaptés ainsi qu'un enseignement qualifié. Golf de 9 trous avec des parcours 3 et 4, un practice et un club house. Golf au parcours... Que vous soyez débutant ou pratiquant confirmé, vous trouv;Adultes, Débutants, Familles
1143;Centre aquatique de Rives-en-Seine;activity;schema:LocalBusiness, PlaceOfInterest, PointOfInterest, SportsAndLeisurePlace, SwimmingPool;Située en bordure de la Seine, la piscine de Caudebec en Caux est une piscine de plein air, ouverte pendant la saison estivale. Elle est équipée de deux bassins et d'un solarium. De nombreuses animations y sont proposées : cours d'aquagym, jeux... Située en bordure de la Seine, la piscine de Caudebe;Adultes, Enfants, Familles
1149;Bateau Eros;activity;PlaceOfInterest, PointOfInterest, SportsAndLeisurePlace;Le bateau Eros propose des promenades en mer au départ du Port de St Valery en Caux. Balades d'une heure, mais aussi croisières à la journée avec passage devant la centrale nucléaire de Paluel et escale à Fécamp. Promenade-découverte de la pêche... Le bateau Eros propose des promenades en mer au dép;Adultes, Familles, Randonneurs
1150;Le Prêtre;activity;olo:OrderedList, PointOfInterest, Tour, WalkingTour;Ce circuit, accessible à tous, part de Rétonval et vous emmènera en forêt. La Forêt d'Eu est indivise et gérée par l'ONF (Office National des Forêts). Ce circuit, accessible à tous, part de Rétonval et vous emmènera en forêt. La Forêt d'Eu est indivise et gérée par l'ONF (Office National des Forêts);Adultes, Familles, Randonneurs
1159;Cours de navigation à la voile - Enfants (dès 7ans) - Centre Nautique du Tréport;activity;PlaceOfInterest, PointOfInterest, SportsAndLeisurePlace;Le Centre Nautique du Tréport vous permet à tous, dès 5 ans, de découvrir la navigation à la Voile ! Activités de Loisir : Des Activités sont possibles en semaines et weekend, pendant les vacances scolaires. Des stages sont organisés pendant les... Le Centre Nautique du Tréport vous permet à tous, d;Adultes, Familles, Randonneurs
1177;La Rieuse à VTT;activity;olo:OrderedList, CyclingTour, PointOfInterest, Tour;Ce circuit VTT vous conduira à mi chemin entre nature et patrimoine. Tout au long de votre balade, vous découvrirez des paysages divers : campagne, villages et forêt.Le point de départ se faisant à l'église du village de Rieux, arrêtez-vous le temps d'un instant pour admirer le château bâti au XVIII;Adultes, Enfants, Familles, Randonneurs, Sportifs
1179;La Route de Lyons;activity;olo:OrderedList, CyclingTour, PointOfInterest, Tour;nan nan;Adultes, Sportifs
1182;Des Sources de la Saâne à la Couture à cheval;activity;olo:OrderedList, HorseTour, PointOfInterest, Tour;Les adeptes d'équitation seront comblés par ce parcours sportif, d'une demi-journée, entre patrimoines historique et naturel. Prenez le temps de regarder château de la Couture et ses jardins bordés d'eau, sur la partie nord de votre itinéraire le long de la Saâne. Le GR212®, sur la partie sud, vous ;Adultes, Enfants, Familles, Sportifs
1184;Vélo-Rails et Train Touristique Etretat Pays de Caux;activity;PlaceOfInterest, PointOfInterest, SportsAndLeisurePlace;Au départ de la gare des Loges venez rouler sur une voie ferrée centenaire, dans une valleuse verdoyante au cœur du pays de Caux. Rendez-vous avec des sensations inconnues sur plus de 5 km de descente. Restauration pour les groupes (sur... Au départ de la gare des Loges venez rouler sur une voie fer;Groupes
1191;De Seine en forêt;activity;olo:OrderedList, PointOfInterest, Tour, WalkingTour;En à peine deux heures de balade, vous découvrirez sur cette boucle les paysages les plus variés ! En à peine deux heures de balade, vous découvrirez sur cette boucle les paysages les plus variés !;Adultes, Familles, Randonneurs
1192;Soin de soi;activity;PlaceOfInterest, PointOfInterest, SportsAndLeisurePlace;"Art-thérapie, voyage sonore, massage vibratoire, méditation, relaxation. ""Soin de soi"" vous ouvre ses portes à Servaville-Salmonville du lundi au samedi sur rendez-vous. C'est dans son atelier que Florence Guillaume vous accompagnera vers un lâcher... Art-thérapie, voyage sonore, massage vibratoire,";Adultes, Familles
1203;Gournay-en-Bray, ville reconstruite;activity;olo:OrderedList, PointOfInterest, Tour, WalkingTour;Nous vous invitons à remonter le temps en parcourant le centre-ville sous le thème de la Reconstruction. L'occasion pour vous de découvrir à quoi ressemblait Gournay avant la Seconde Guerre Mondiale mais aussi les conséquences sur son patrimoine avec un aperçu de l'architecture spécifique à la Recon;Adultes, Familles, Randonneurs
1205;Entre Seine et Terre;activity;olo:OrderedList, PointOfInterest, Tour, WalkingTour;Voici une boucle qui porte bien son nom ! Cette randonnée vous fera profiter dans un 1er temps du Pays de Caux en traversant ses champs et en longeant ses abords de forêt. Perché sur le plateau, vous découvrirez un paysage exceptionnel de la vallée de la Seine et des anciens marais. Voici une boucle;Adultes, Familles, Randonneurs
1212;Gare d'Aumale;activity;schema:TrainStation, PlaceOfInterest, PointOfInterest, TrainStation, Transport;nan nan;Adultes, Familles
1214;La Sente aux Moines;activity;olo:OrderedList, PointOfInterest, Tour, WalkingTour;"""Une des plus belles randonnées de la vallée de Seine"" selon les randonneurs locaux. Véritable sentier historique, d'où les points de vue sur le patrimoine environnant sont exceptionnels. Empruntant les chemins de la forêt de Brotonne, l'histoire de cet itinéraire remonte au 13ème siècle. En effet, ";Adultes, Familles, Randonneurs
1217;Le Donjon de Rouen;activity;PlaceOfInterest, PointOfInterest, SportsAndLeisurePlace;Au Donjon de Rouen, rejoignez la résistance et préparez-vous à vivre une aventure historique grâce à son escape game inédit : « Libérez Rouen ! ». Août 1944, au lendemain du débarquement allié, l’espoir renait parmi la résistance rouennaise. Une... Au Donjon de Rouen, rejoignez la résistance et prép;Adultes, Familles
1233;Circuit Pimon à VTT;activity;olo:OrderedList, CyclingTour, PointOfInterest, Tour;Au départ de l'Avenue Verte London-Paris dans l'arrière-pays dieppois partez à la découverte en VTT de Dampierre-Saint-Nicolas et ses environs. Au départ de l'Avenue Verte London-Paris dans l'arrière-pays dieppois partez à la découverte en VTT de Dampierre-Saint-Nicolas et ses environs.;Adultes, Sportifs
1234;Le Clos Jacquet à VTT;activity;olo:OrderedList, CyclingTour, PointOfInterest, Tour;Cette boucle VTT vous fera découvrir les secret du territoire. Alors n'attendez plus et rendez vous sur la PLace Centrale d'Auffay, muni de votre casque et d'une bouteille d'eau. Une fois en route, vous rencontrerez la rue Victor Hugo. A l'Est de celle-ci et jusqu'à l'embranchement des rues Jean-Mac;Adultes, Familles, Sportifs
1242;Les Vallons;activity;olo:OrderedList, PointOfInterest, Tour, WalkingTour;Cette boucle vous permettra de profiter de toute la beauté de la forêt. Cette courte promenade est idéale pour un après-midi en famille. Cette boucle vous permettra de profiter de toute la beauté de la forêt. Cette courte promenade est idéale pour un après-midi en famille.;Adultes, Familles, Randonneurs
1253;Les Grands Genêts à cheval;activity;olo:OrderedList, HorseTour, PointOfInterest, Tour;Au cours de votre randonnée vous passerez par le hameau de Richebourg qui porte le nom de l'ancien château démoli en 1826. Vous randonnerez dans des paysages variés en Forêt de Lyons et en plaines. Au cours de votre randonnée vous passerez par le hameau de Richebourg qui porte le nom de l'ancien châ;Adultes, Enfants, Randonneurs
1258;Atelier de dessin(s);activity;PlaceOfInterest, PointOfInterest, SportsAndLeisurePlace;Cours et ateliers de dessin tous niveaux avec des conseils avisés, accessibles et bienveillants. Tous types de médiums. Matériel fourni. Cours et ateliers de dessin tous niveaux avec des conseils avisés, accessibles et bienveillants. Tous types de médiums. Matériel fourni.;Adultes, Familles
1265;Office de tourisme de la Côte d'Albâtre - Bureau d'informations touristiques du Bourg-Dun;activity;schema:TouristInformationCenter, LocalTouristOffice, PlaceOfInterest, PointOfInterest, TouristInformationCenter;nan Situé au coeur du village, face à l'église, le bureau d'accueil du Bourg-Dun ouvre ses portes tout au long de l'année. Vous trouverez à votre disposition une documentation complète. Activités, loisirs, visites, hébergements, l'équipe du bureau d'accueil vous accompagne dans la découverte de la r;Adultes, Familles
1268;Les Mesnils à VTT;activity;olo:OrderedList, CyclingTour, PointOfInterest, Tour;Les sportifs et amateurs en quête d'effort physique seront ravis par cette boucle VTT, qui emprunte le GR212®. Prenez le temps de contempler la vallée de la Saâne puis celle de la Vienne, et les richesses naturelles et architecturales qui leur sont propres.N'oubliez pas votre casque et une bouteille;Adultes, Randonneurs, Sportifs
1269;La Route des Fruits;activity;olo:OrderedList, CyclingTour, PointOfInterest, Tour;Dans son nom, la route des Fruits indique la couleur. Ou plutôt elle annonce les saveurs que les promeneurs ne manqueront pas de rencontrer tout au long d’un itinéraire qui épouse parfaitement la courbe que la Seine dessine autour de la presqu’île de Jumièges. Pommes évidemment, mais également poire;Adultes, Familles, Sportifs
1270;Plaine de jeux - Art’Sport Café;activity;PlaceOfInterest, PointOfInterest, SportsAndLeisurePlace;Les plus grandes aires de jeux couvertes du Havre et le Ninja parc pour tous les enfants de 6 mois à… 70 ans. Pour les 6 mois – 3 ans, un espace réservé avec un parcours de baby-gym, des jeux en mousse, une piscine à balles et 2 toboggans. Pour les... Les plus grandes aires de jeux couvertes du Havr;Adultes, Enfants, Familles
1272;L'Ile aux jeux;activity;PlaceOfInterest, PointOfInterest, SportsAndLeisurePlace;L'Ile aux jeux, c'est 650 m² pour s'amuser, méga labyrinthe, parcours d'obstacles, pont de singe, tour d'escalade, anniversaires organisés sur réservation ... Structure gonflables, trampoline. L'Ile aux jeux, c'est 650 m² pour s'amuser, méga labyrinthe, parcours d'obstacles, pont de singe, tour d'es;Adolescents, Adultes, Familles
1275;Centre équestre municipal du Colombier;activity;PlaceOfInterest, PointOfInterest, SportsAndLeisurePlace;Labellisé Bien-Être Animal, le centre équestre municipal d'Offranville vous propose des activités équestres variées dans un cadre verdoyant et accueillant : balades poney, stages de perfectionnement, cours d'équitation pour tous du loisir à la... Labellisé Bien-Être Animal, le centre équestre munici;Adultes, Enfants, Familles, Randonneurs, Sportifs
1280;La Presqu'île;activity;olo:OrderedList, HorseTour, PointOfInterest, Tour;Alternant sentiers au cœur de la forêt et belles allées forestières, ce circuit vous fait découvrir toute la richesse de la Forêt de Brotonne, tout en cheminant sur un sentier historique.N'hésitez pas à contacter l'Office de Tourisme du Pays de Caux Vallée de Seine pour obtenir la fiche descriptive ;Adultes, Enfants, Familles
1301;Les Vallons à VTT;activity;olo:OrderedList, CyclingTour, PointOfInterest, Tour;Cette boucle vous permettra de profiter de toute la beauté de la forêt. Cette courte promenade est idéale pour un après-midi en famille. Cette boucle vous permettra de profiter de toute la beauté de la forêt. Cette courte promenade est idéale pour un après-midi en famille.;Adultes, Familles, Sportifs
1303;L'Étoile Filante & L'Eden - Bateaux de promenade;activity;schema:LocalBusiness, PlaceOfInterest, PointOfInterest, SightseeingBoat, SportsAndLeisurePlace;Balade en mer commentée par le capitaine d'une durée de 30 minutes ou 1 h, vous découvrirez les falaises et les plages du Tréport, de Mers-les-Bains jusqu'au Bois de Cise ! Embarquez à bord de L'Étoile Filante ou de L'Eden pour une expérience... Balade en mer commentée par le capitaine d'une durée d;Adultes, Familles, Randonneurs
1309;Le Labyrinthe des Dalles;activity;schema:AmusementPark, PlaceOfInterest, PointOfInterest, SportsAndLeisurePlace, ThemePark;L’Office intercommunal de Tourisme de Fécamp ouvre les portes du Labyrinthe des Dalles pour une nouvelle saison estivale. Trouvez les bonnes réponses aux questions tout au long de votre parcours pour trouver la sortie du labyrinthe ! Cette année,... L’Office intercommunal de Tourisme de Fécamp ouvre;Adultes, Enfants, Familles
1312;Normandy Private Tours;activity;PlaceOfInterest, PointOfInterest, SportsAndLeisurePlace;Avec Normandy Private Tours, découvrez la riche histoire, les paysages époustouflants et la culture vibrante de la Normandie. Que vous soyez déjà dans la région ou que vous souhaitiez explorer la Normandie depuis les alentours, nos circuits offrent... Avec Normandy Private Tours, découvrez la riche ;Adultes, Familles
1314;Gare de Etainhus;activity;schema:TrainStation, PlaceOfInterest, PointOfInterest, TrainStation, Transport;nan nan;Adultes, Familles
1318;Conservatoire Camille Saint-Saëns;activity;PlaceOfInterest, PointOfInterest, SportsAndLeisurePlace, Theater;Le Conservatoire Camille Saint-Saëns c'est une programmation artistique riche en concerts. Les Tribunes d'orgues en septembre... Des musiques actuelles à la musique ancienne, en passant par la danse et le théâtre, il y en a pour tous les goûts ! Le Conservatoire Camille Saint-Saëns c'est une program;Adultes, Familles
1349;Le Torp;activity;olo:OrderedList, PointOfInterest, Tour, WalkingTour;Partez à la rencontre des paysages agricoles, collines boisées et des vestiges du passé industriel faste de Colleville. Le panorama sur la vallée depuis l’église vaut le détour ! Partez à la rencontre des paysages agricoles, collines boisées et des vestiges du passé industriel faste de Colleville. L;Adultes, Familles, Randonneurs
1354;Office de tourisme Terroir de Caux - bureau d'accueil d'Auffay;activity;schema:TouristInformationCenter, LocalTouristOffice, PlaceOfInterest, PointOfInterest, TouristInformationCenter;nan L’Office de Tourisme terroir de Caux vous accueille toute l'année, côté campagne à Auffay et côté plage à Quiberville-sur-Mer. Vous découvrirez une région riche en diversité avec son patrimoine chargé d'histoires, ses villages, ses jardins, ses nombreux chemins de randonnées et ses produits du t;Adultes, Familles, Randonneurs
1357;La Rue Verte;activity;olo:OrderedList, PointOfInterest, Tour, WalkingTour;Parcours à la découverte de belles fermes et du plateau. Parcours à la découverte de belles fermes et du plateau.;Adultes, Enfants, Familles, Randonneurs
1359;Du Chemin Vert au Chemin de Fer;activity;olo:OrderedList, PointOfInterest, Tour, WalkingTour;Dans la vallée de la Saâne, vous rejoignez l'ancienne voie ferrée qui reliait par le passé Dieppe à Fécamp. Votre cheminement s'effectue sur le ballaste. Si vous regardez à l'horizon, de chaque flanc de la vallée, vous apercevez votre itinéraire. Plus loin dans votre promenade vous pourrez observer ;Adultes, Familles, Randonneurs
1360;La côte Blanche;activity;olo:OrderedList, PointOfInterest, Tour, WalkingTour;Synthèse du pays de Bray, ce petit parcours montre la Cuesta, les marnières, des parcelles cultivées ou pâturées mais aussi les énergies d'aujourd'hui et le village d'Ernemont-la-Villette ! Synthèse du pays de Bray, ce petit parcours montre la Cuesta, les marnières, des parcelles cultivées ou pâturé;Adultes, Familles, Randonneurs
1375;Le Bois de la Brétèque à VTT;activity;olo:OrderedList, CyclingTour, PointOfInterest, Tour;nan nan;Adultes, Sportifs
1378;Val du Roy à cheval;activity;olo:OrderedList, HorseTour, PointOfInterest, Tour;Cet itinéraire balisé vous permettra de découvrir la vallée de l'Yères. Vous démarrez ce parcours à Villy-sur-Yères, devant l'église Saint-Martin, datant du 12ème siècle. Du versant est, vous aurez un très beau panorama sur la vallée. Au hameau du Val du Roy, le roi Henri IV avait l'habitude de s'ar;Adultes, Enfants, Familles
1380;Terre du Sucre;activity;olo:OrderedList, PointOfInterest, Tour, WalkingTour;Partez à la découverte d'un trésor caché de la Côte d'Albâtre : La culture du sucre Partez à la découverte d'un trésor caché de la Côte d'Albâtre : La culture du sucre;Adultes, Familles, Randonneurs
1384;Grumesnil à VTT;activity;olo:OrderedList, CyclingTour, PointOfInterest, Tour;Cette jolie boucle, à la limite de la Picardie, offre de très belles vues sur la Boutonnière du Pays de Bray. De beaux calvaires, typiques de nos campagnes, jalonnent ce parcours. Cette jolie boucle, à la limite de la Picardie, offre de très belles vues sur la Boutonnière du Pays de Bray. De beaux c;Adultes, Familles, Sportifs
1389;Saint-Rémy à VTT;activity;olo:OrderedList, CyclingTour, PointOfInterest, Tour;Ce beau circuit propose des paysages variés. Vous cheminerez le long de l'Andelle. Le Marais des Communaux, site naturel proche du circuit, est à découvrir. Ce beau circuit propose des paysages variés. Vous cheminerez le long de l'Andelle. Le Marais des Communaux, site naturel proche du circuit, est;Adultes, Sportifs
1391;Entre Varenne et Scie à VTT;activity;olo:OrderedList, CyclingTour, PointOfInterest, Tour;De la vallée de la Scie à celle de la Varenne, les amateurs et confirmés de VTT traverserons les chemins, pour une ballade sportive. Sur le circuit, les ruines du château Gauthier Giffard et son panorama, sauront attirer l'attention des amoureux du paysage. A vos casques, bouteille d'eau et autre éq;Adultes, Sportifs
1406;Chèvrerie de la forêt d'Eu;activity;PlaceOfInterest, PointOfInterest, SportsAndLeisurePlace;nan nan;Inconnu
1409;Gare de Saint-Etienne-du-Rouvray;activity;schema:TrainStation, PlaceOfInterest, PointOfInterest, TrainStation, Transport;nan nan;Adultes, Familles
1415;Boucle de l'Hippodrome;activity;olo:OrderedList, PointOfInterest, Tour, WalkingTour;Après avoir gravi la côte du Mont Hallebout, vous pourrez découvrir l’oratoire Saint Blaise à la croix du Parc. Vous longerez le Bois Gamet classé Espace Naturel Sensible du Département de Seine Maritime puis surplomberez l’Hippodrome de Mauquenchy avec un superbe panorama. Après avoir gravi la côte;Adultes, Familles, Randonneurs
1418;Circuit La vallée de la Valmont;activity;olo:OrderedList, CyclingTour, PointOfInterest, Tour;Au départ de Valmont, cette promenade vous emmènera le long du fleuve éponyme, découvrir ses étangs et les riches plateaux agricoles surplombant la vallée. Au coeur du Pays de Caux, vous pourrez apprécier le riche patrimoine naturel et historique des villages traversés. Au départ de Valmont, cette p;Adultes, Sportifs
1430;Circuit découverte du patrimoine du centre-ville d'Yvetot;activity;olo:OrderedList, PointOfInterest, Tour, WalkingTour;Ce circuit vous fera découvrir le patrimoine du centre-ville d'Yvetot. Ce circuit vous fera découvrir le patrimoine du centre-ville d'Yvetot.;Adultes, Familles, Randonneurs
1434;Les Hamouhoques;activity;olo:OrderedList, PointOfInterest, Tour, WalkingTour;Sur le plateau cauchois, à vous les grands espaces et le joli patrimoine des villages et hameaux. Sur le plateau cauchois, à vous les grands espaces et le joli patrimoine des villages et hameaux.;Adultes, Familles, Randonneurs
1437;Centre équestre de Rocquefort;activity;schema:LocalBusiness, EquestrianCenter, PlaceOfInterest, PointOfInterest, SportsAndLeisurePlace;De l'initiation à la compétition, le centre équestre de Rocquefort vous propose de nombreuses activités : baby-poney, cours enfants et adultes, initiation et perfectionnement, dressage, obstacle, compétition, saut d'obstacle, balade pension. Le... De l'initiation à la compétition, le centre équestre;Adultes, Débutants, Enfants, Familles, Randonneurs
1438;Le Hamel au Coeur;activity;olo:OrderedList, PointOfInterest, Tour, WalkingTour;Besoin de vous déconnecter ? « Le Hamel au Cœur » est la randonnée idéale ! Au départ de Saint-Jean-de-Folleville, cette boucle de deux heures vous transporte à travers champs et forêts. Si vous êtes à la recherche de points de vue imprenables sur la vallée de la Seine, alors ce circuit saura vous r;Adultes, Enfants, Familles, Randonneurs
1456;Les Jacquemarts à cheval;activity;olo:OrderedList, HorseTour, PointOfInterest, Tour;C'est à cheval que vous pourrez venir découvrir la ville d'Auffay et son ancienne collégiale Notre Dame. Elle a été construite entre le Xlème et XIIème siècle et elle est inscrite aux Monuments Historiques. Lors de votre parcours vous pourrez rencontrer les célèbres Jacquemarts HOUZOU BENARD et PAQU;Adultes, Enfants, Familles
1459;Le Tourreterou;activity;olo:OrderedList, PointOfInterest, Tour, WalkingTour;Une boucle familiale au fil de l’eau Un parcours facile et agréable, idéal en famille, où l’on chemine au rythme de l’eau, entre équipements ludiques, découvertes nature et petit patrimoine local. Une belle manière de mêler balade, amusement et apprentissage en douceur ! Une boucle familiale au fil ;Adultes, Familles, Randonneurs
1464;Vers la Forêt d'Eu;activity;olo:OrderedList, PointOfInterest, Tour, WalkingTour;Envie d'une journée en extérieur, entre sport et grand air ? Alors venez compléter ce circuit et traverser le Pays Neufchâtelois jusqu'à la Forêt d'Eu ! Envie d'une journée en extérieur, entre sport et grand air ? Alors venez compléter ce circuit et traverser le Pays Neufchâtelois jusqu'à la Forêt d;Adultes, Familles, Randonneurs
1472;Dessine moi un mouton;activity;PlaceOfInterest, PointOfInterest, SportsAndLeisurePlace;"""Dessine-moi un mouton"" vous propose UNIQUEMENT SUR RÉSERVATION : De la médiation animale pour les particuliers et les institutions, écoles spécialisés, Ehpad, Itep, Ime, Hospitaux, ... Des ateliers Bébés fermiers à partir d'environ 6 mois - 2 ans... ""Dessine-moi un mouton"" vous propose UNIQUEMENT S";Adultes, Enfants, Familles
1488;Circuit du Courval à cheval;activity;olo:OrderedList, HorseTour, PointOfInterest, Tour;Avis à ceux qui souhaitent allier sortie équestre et patrimoine, cette boucle de randonnée à cheval est faite pour vous ! Depuis votre monture, partez à la conquête de l'héritage industriel du territoire. Vous découvrirez par exemple l'unité historique de production ainsi que la verrerie Pochet du C;Adultes, Enfants, Randonneurs
1492;Office de Tourisme de la Côte d'Albâtre - Point d'accueil saisonnier de Veulettes-sur-Mer;activity;schema:TouristInformationCenter, LocalTouristOffice, PlaceOfInterest, PointOfInterest, TouristInformationCenter;Jolie petite station balnéaire entre Fécamp et Dieppe, Veulettes S/Mer et sa plage de 1200 m de long, offre toutes les attractions qu'attendent les amateurs de baignade et de nautisme. Situé sur la route principale du village, en face du front de mer dans le centre nautique de la Côte d'Albâtre, le ;Adultes, Enfants, Familles, Randonneurs
1498;Circuit de Branmaze;activity;olo:OrderedList, PointOfInterest, Tour, WalkingTour;Une boucle de randonnée riche en patrimoine au départ de Manéglise ! Une boucle de randonnée riche en patrimoine au départ de Manéglise !;Adultes, Familles, Randonneurs
1499;Bowling LE LOOPING;activity;PlaceOfInterest, PointOfInterest, SportsAndLeisurePlace;Bowling - Laser Game - Bar - Billards & jeux d'arcade - Restaurant. Bowling - Laser Game - Bar - Billards & jeux d'arcade - Restaurant.;Adolescents, Adultes, Familles
1511;Sur les pas de Bourvil;activity;olo:OrderedList, PointOfInterest, Tour, WalkingTour;Le célèbre artiste Bourvil a grandi dans ces paysages et villages cauchois. Le célèbre artiste Bourvil a grandi dans ces paysages et villages cauchois.;Adultes, Familles, Randonneurs
1513;Paddel - Domaine de Forges;activity;PlaceOfInterest, PointOfInterest, SportsAndLeisurePlace;Profitez de nos 4 courts de tennis et de notre terrain de padel accessibles tous les jours de 7h à 23h. Que vous soyez client de l'hôtel ou joueur extérieur, réservez facilement votre créneau et vivez une expérience sportive en pleine nature ! Plus... Profitez de nos 4 courts de tennis et de notre t;Adultes
1514;Piscine de la Mare Rouge;activity;schema:LocalBusiness, PlaceOfInterest, PointOfInterest, SportsAndLeisurePlace, SwimmingPool;La piscine de La Mare Rouge est équipée d'un bassin d'apprentissage et d'un bassin de natation de 25 m, et est accessible aux personnes à mobilité réduite. La pisine vous propose des aqua activités : aquagym et aquabike, en séance libre ou sur... La piscine de La Mare Rouge est équipée d'un bassin d;Adultes, Enfants, Familles, PMR
1518;La Bonne Entente à VTT;activity;olo:OrderedList, CyclingTour, PointOfInterest, Tour;Vous êtes à la recherche d’un agréable circuit de randonnée VTT, accessible à tous ? Nous avons trouvé ce qu’il vous faut avec ce parcours au cœur de la forêt d’Eu. Partez pour une parenthèse d’une heure trente à l’ombre des hêtres, à la découverte ou la redécouverte du charme sans égal de ce massif;Adultes, Enfants, Familles, Randonneurs, Sportifs
1523;Office de Tourisme de la Côte d'Albâtre - Bureau de Veules-les-Roses;activity;schema:TouristInformationCenter, LocalTouristOffice, PlaceOfInterest, PointOfInterest, TouristInformationCenter;"Veules les Roses, ""Le plus petit fleuve de France"" - village classé parmi les plus beaux villages de France. Au cœur du village, dans la rue principale qui mène à la plage, le Bureau d'accueil de Veules-les-Roses vous renseigne toute l'année et vous conseille sur les activités, les visites, les hébe";Adultes, Familles
1528;Office de tourisme intercommunal de Fécamp - Bureau d'accueil permanent d'Yport;activity;schema:TouristInformationCenter, LocalTouristOffice, PlaceOfInterest, PointOfInterest, TouristInformationCenter;nan Situé dans le centre d'Yport, le bureau d'accueil est ouvert tout au long de l'année. Vous trouverez sur place de nombreux conseils, documents, plans, guides, sorties en mer, visites du patrimoine, cartes postales, souvenirs, t-shirts, horaires de marées, permis pêche, horaires de trains et auto;Adultes, Enfants, Familles
1537;Boucle de l'Hippodrome à VTT;activity;olo:OrderedList, CyclingTour, PointOfInterest, Tour;Après avoir gravi la côte du Mont Hallebout, vous pourrez découvrir l’oratoire Saint Blaise à la croix du Parc. Vous longerez le Bois Gamet classé Espace Naturel Sensible du Département de Seine Maritime puis surplomberez l’Hippodrome de Mauquenchy avec un superbe panorama. Après avoir gravi la côte;Adultes, Sportifs
1538;La Vallée du Tôt;activity;olo:OrderedList, PointOfInterest, Tour, WalkingTour;Entre plaine et forêt, vous serez à l'extrémité du Pays de Bray. Faites un détour à la Chapelle funéraire néo-byzantine de 1868 nichée au milieu des bois. Entre plaine et forêt, vous serez à l'extrémité du Pays de Bray. Faites un détour à la Chapelle funéraire néo-byzantine de 1868 nichée au milieu ;Adultes, Familles, Randonneurs
1551;Aménagement Plaisance;activity;PlaceOfInterest, PointOfInterest, SportsAndLeisurePlace;Le port du Tréport est aux portes de la Normandie et de la Picardie. L’aménagement plaisance est accessible par une écluse, 4h avant et après la pleine mer. Sa capacité d’accueil est : - d’une centaine de mouillages dans l’avant-port - d’une... Le port du Tréport est aux portes de la Normandie et de;Adultes, Familles
1578;Aux Sources du Bebec;activity;olo:OrderedList, PointOfInterest, Tour, WalkingTour;Connu pour son site, sa forêt départementale et pour la noyade tragique de Léopoldine Hugo, fille de l'écrivain, Villequier est un endroit privilégié qui a séduit de nombreuses familles aisées qui ont souhaité y installer de magnifiques demeures. Près de l'église de Bébec, dans le cimetière vous pou;Adultes, Familles, Randonneurs
1580;Les Écuries du Marottin;activity;schema:LocalBusiness, EquestrianCenter, PlaceOfInterest, PointOfInterest, SportsAndLeisurePlace;Situé au pied de la Forêt de Brotonne, les Écuries du Marottin disposent d'un magnifique panorama sur les Boucles du Parc Naturel de la Seine et d'un accès direct à la forêt sans route à traverser. Poney club et centre équestre, enseignement chevaux... Situé au pied de la Forêt de Brotonne, les Écur;Adultes, Enfants, Familles, Randonneurs
1587;Sente aux Fées;activity;olo:OrderedList, PointOfInterest, Tour, WalkingTour;"Un itinéraire de randonnée sous le signe de la chasse en Pays de Caux. Lors de votre parcours, vous atteignez le ""Belvédère"". Cette haute bâtisse qui servait pour la chasse, la détente et l'observation, était entouré par le passé de murs de silex. Ceux-ci avaient plusieurs fonctions : ils délimitaie";Adultes, Enfants, Familles, Randonneurs
1588;Gare de Montérolier-Buchy;activity;schema:TrainStation, PlaceOfInterest, PointOfInterest, TrainStation, Transport;nan nan;Adultes, Familles
1606;Le Marie-Cloche;activity;olo:OrderedList, PointOfInterest, Tour, WalkingTour;Une promenade idéale pour les familles qui recherchent le calme de la nature. Une promenade idéale pour les familles qui recherchent le calme de la nature.;Adultes, Familles, Randonneurs
1612;Les Routhieux à VTT;activity;olo:OrderedList, CyclingTour, PointOfInterest, Tour;Venez sur le circuit des Routhieux pour profiter d'un point de vue idéal sur le Pays de Bray. Partez à VTT à la découverte de la Cuesta, côte crayeuse et abrupte, et profitez d'un agréable panorama du Pays de Bray d'où vous pourrez voir le Château de Ménerval ainsi que son château d'eau. Une belle b;Adultes, Familles, Randonneurs, Sportifs
1622;Rando Bray;activity;schema:LocalBusiness, ActivityProvider, LeisureSportActivityProvider, PlaceOfInterest, PointOfInterest, SportsAndLeisurePlace, TastingProvider;A pied ou à vélo, sur les routes bucoliques du Pays de Bray, partagez des randonnées commentées et activités ludiques à la découverte du patrimoine naturel et historique. Des circuits hors des sentiers battus sélectionnés avec soin et selon vos... A pied ou à vélo, sur les routes bucoliques du Pays ;Adultes, Familles, Randonneurs
1626;Le Beau Soleil;activity;olo:OrderedList, PointOfInterest, Tour, WalkingTour;Les communes de Saint-Gilles-de-Crétot et Saint-Aubin-de-Crétot ne faisaient originairement qu'une seule et même commune et appartenaient à l'abbaue de Saint-Georges-de-Boscherville. Ces deux villages se trouvaient dans une forêt dont les taillis ne sont plus aujourd'hui que des bosquets. Un vallon ;Adultes, Familles, Randonneurs
1627;Chevauchée en Pays d'Auge;activity;olo:OrderedList, HorseTour, PointOfInterest, Tour;nan nan;Adultes, Enfants
1646;Le Caud Soleil;activity;olo:OrderedList, PointOfInterest, Tour, WalkingTour;Au fil de leur déambulation, les amateurs de petit patrimoine local pourront contempler un oratoire et son calvaire, érigés en hauteur. Au fil de leur déambulation, les amateurs de petit patrimoine local pourront contempler un oratoire et son calvaire, érigés en hauteur.;Adultes, Familles, Randonneurs
1647;Le Mont Gournoy;activity;olo:OrderedList, PointOfInterest, Tour, WalkingTour;Une belle randonnée qui vous fera cheminer à travers la forêt ! La Forêt d'Eu est indivise et gérée par l'ONF (Office National des Forêts). Une belle randonnée qui vous fera cheminer à travers la forêt ! La Forêt d'Eu est indivise et gérée par l'ONF (Office National des Forêts).;Adultes, Familles, Randonneurs
1649;Community Sauna Saint Aubin et Banya Tour;activity;PlaceOfInterest, PointOfInterest, SportsAndLeisurePlace;Nous proposons une alternance de sauna et banya chauffés au bois avec la mer, dans le bien-être et le respect du corps et dans la joie! Vue exceptionnelle sur la plage de saint Aubin sur mer. Le samedi de 11h à 14h : sur réservation, séance d'une... Nous proposons une alternance de sauna et banya ch;Adultes
1667;Circuit des étangs à cheval;activity;olo:OrderedList, HorseTour, PointOfInterest, Tour;Au départ de l'Avenue Verte London-Paris au niveau de Saint-Aubin-le-Cauf, non loin de Dieppe, vous partirez à pied à la découverte des étangs de la Varenne. Une jolie randonnée à cheval de 7,2 km dans l’arrière-pays dieppois. A vos bombes, remplissez votre gourde, c’est parti ! Au départ de l'Avenu;Adultes, Enfants, Randonneurs
1668;Le Prêtre à cheval;activity;olo:OrderedList, HorseTour, PointOfInterest, Tour;Un parcours à cheval accessible à tous, parfait pour les familles ou club avec enfants. La ballade part de Rétonval et vous emmènera en forêt. La Forêt d'Eu est indivise et gérée par l'ONF (Office National des Forêts). Un parcours à cheval accessible à tous, parfait pour les familles ou club avec en;Adultes, Enfants, Familles
1680;La Réformation à VTT;activity;olo:OrderedList, CyclingTour, PointOfInterest, Tour;Toute l’année, vous pourrez apprécier le rythme des saisons en milieu forestier. Vous emprunterez l’Allée des Limousins et aurez une vue surprenante sur cette traversée rectiligne. Toute l’année, vous pourrez apprécier le rythme des saisons en milieu forestier. Vous emprunterez l’Allée des Limousins;Adultes, Sportifs
1696;La Plaine du Moulin à VTT;activity;olo:OrderedList, CyclingTour, PointOfInterest, Tour;nan nan;Adultes, Sportifs
1701;Les Cavaliers du Feugrès;activity;schema:LocalBusiness, EquestrianCenter, PlaceOfInterest, PointOfInterest, SportsAndLeisurePlace;Situé à Beuzevillette, près de Bolbec, le centre équestre Les Cavaliers du Feugrès, vous propose balades à cheval, randonnées, bivouacs, location de chevaux, maréchalerie, pension de chevaux dans un cadre convivial. Situé à Beuzevillette, près de Bolbec, le centre équestre Les Cavaliers du Feugrès, ;Adultes, Enfants, Familles, Randonneurs
1704;Théâtre Le Normandy;activity;PlaceOfInterest, PointOfInterest, SportsAndLeisurePlace;Le Normandy est un lieu historique et emblématique du Havre. Il a accueilli de très grands noms du spectacle et l'équipe compte bien lui restituer cette grandeur qui le caractérisait, que ce soit au niveau du lieu en lui-même ou de sa programmation... Le Normandy est un lieu historique et emblématiq;Adultes, Familles
1708;La Mésange à VTT;activity;olo:OrderedList, CyclingTour, PointOfInterest, Tour;Située au fond de la boutonnière du Pays de Bray, cette boucle en plaine permet de sillonner tout autour du Mont Hurel. Située au fond de la boutonnière du Pays de Bray, cette boucle en plaine permet de sillonner tout autour du Mont Hurel.;Adultes, Sportifs
1709;Des vasières à la roselière;activity;olo:OrderedList, EducationalTrail, PlaceOfInterest, PointOfInterest, SportsAndLeisurePlace, Tour, WalkingTour;En plein cœur de la réserve Naturelle de l'Estuaire de la Seine, voici un itinéraire parfait pour observer la vie qui se déroule entre fleuve, terre et mer. Venez découvrir les trésors de l'avocette dans la salle d'exposition puis partez vers le pont de Normandie pour admirer la vue imprenable sur l;Adultes, Enfants, Familles, Groupes scolaires, Randonneurs
1721;Sur la Rive du Dun;activity;olo:OrderedList, PointOfInterest, Tour, WalkingTour;nan nan;Adultes, Familles, Randonneurs
1743;Gare de Dieppe;activity;schema:TrainStation, PlaceOfInterest, PointOfInterest, TrainStation, Transport;nan nan;Adultes, Familles
1756;La Belle Envolée;activity;PlaceOfInterest, PointOfInterest, SportsAndLeisurePlace;La compagnie de conte et de théâtre La Belle Envolée vous convie à des événements aux multiples facettes vous permettant de découvrir, entre autres, les territoires normands comme jamais vous ne les avez vus ! Hélène Pesquet (autrice, comédienne... La compagnie de conte et de théâtre La Belle Envolé;Adultes, Enfants, Familles
1757;La Vache de Louvicamp;activity;schema:LocalBusiness, PlaceOfInterest, PointOfInterest, SportsAndLeisurePlace, TastingProvider;Lucie et la vache de Louvicamp vous accueillent pour une visite ludique et pédagogique. Partagez notre passion en dégustant nos gourmandises au cours d'un goûter, puis participez à la traite. Lucie et la vache de Louvicamp vous accueillent pour une visite ludique et pédagogique. Partagez notre passi;Adultes, Familles
1776;Beauville La Cité;activity;olo:OrderedList, PointOfInterest, Tour, WalkingTour;nan nan;Adultes, Familles, Randonneurs
1777;La Porte Verte;activity;olo:OrderedList, PointOfInterest, Tour, WalkingTour;Au fil du balisage, les paysages agricoles alternent sous vos pas et, au détour d’un chemin, un château se dévoile… Laissez-vous guider ! Au fil du balisage, les paysages agricoles alternent sous vos pas et, au détour d’un chemin, un château se dévoile… Laissez-vous guider !;Adultes, Familles, Randonneurs
1779;Les Basses Eaux;activity;olo:OrderedList, PointOfInterest, Tour, WalkingTour;En empruntant ce circuit de 2,7 km (entièrement sur chemin), vous découvrirez un circuit aménagé (cabanes sur pilotis, hôtels à insectes, tour d’observation, moulages d’empreintes d’animaux...) sur 50 hectares de prairies, bois, haies et étangs. En empruntant ce circuit de 2,7 km (entièrement sur ch;Adultes, Enfants, Familles, Randonneurs
1790;Valleuse de Saussemare;activity;olo:OrderedList, PointOfInterest, Tour, WalkingTour;Ce circuit de 9,1 km (dont 6,6 km sur chemin) est une randonnée qui emmène à la découverte de la valleuse de Saussemare, des plateaux et de la vallée du Dun. Si le vent est au rendez-vous, vous profiterez du «ballet» des kite-surfs qui fréquentent la belle plage de sable de Saint-Aubin-sur-Mer. Ce c;Adolescents, Adultes, Familles, Randonneurs
1796;L'Etoile verte;activity;PlaceOfInterest, PointOfInterest, SportsAndLeisurePlace;A l'Etoile Verte vous découvrirez la nature, le jardinage et les animaux ! Lors de visites organisées ou lors d'ateliers nature vous pourrez mettre les mains dans la terre, apprendre le nom des plantes et les cuisiner, colorer avec des fleurs et... A l'Etoile Verte vous découvrirez la nature, le jar;Adultes, Enfants, Familles
1799;Sentier de la Gribane;activity;olo:OrderedList, PointOfInterest, Tour, WalkingTour;Superbe vue sur Caudebec-en-Caux ! N'hésitez pas à faire un petit détour pour y admirer son joyau : l'Eglise Notre-Dame. Au retour par l'ancienne hêtraie classée, visitez la chapelle de Barre-Y-Va et la chapelle Bleue. Superbe vue sur Caudebec-en-Caux ! N'hésitez pas à faire un petit détour pour y a;Adultes, Familles, Randonneurs
1802;Montagny à VTT;activity;olo:OrderedList, CyclingTour, PointOfInterest, Tour;Petit circuit permettant de découvrir le Bois de Montagny et son hameau qui abrite la Chapelle Saint Leu du XIIIe siècle. La majeure partie du circuit est en forêt. Petit circuit permettant de découvrir le Bois de Montagny et son hameau qui abrite la Chapelle Saint Leu du XIIIe siècle. La majeure pa;Adultes, Sportifs
1807;Circuit des Huchiers;activity;olo:OrderedList, CyclingTour, PointOfInterest, Tour;nan nan;Adultes, Sportifs
1812;Le Looping - Le Havre;activity;PlaceOfInterest, PointOfInterest, SportsAndLeisurePlace;Bowling - Mini-golf - Karaoké - Quiz - Bar - Billard & jeux d'arcade. Bowling - Mini-golf - Karaoké - Quiz - Bar - Billard & jeux d'arcade.;Adultes, Familles
1826;La Crapaudière;activity;olo:OrderedList, PointOfInterest, Tour, WalkingTour;Cette boucle vous emmènera à travers la Forêt domaniale d’Eawy, à la rencontre des arbres remarquables, et vous offrira de beaux points de vue sur la vallée de la Varenne. Profitez de votre présence à Muchedent pour visiter le parc canadien Rêve de Bisons ! Cette boucle vous emmènera à travers la Fo;Adultes, Familles, Randonneurs
1835;Écuries du Mesnil David;activity;schema:LocalBusiness, EquestrianCenter, PlaceOfInterest, PointOfInterest, SportsAndLeisurePlace;Situé à proximité d'Aumale, les Écuries du Mesnil David sont un lieu entièrement dédié au bien-être et à la progression du cheval. Labellisées Poney Club et Cheval Club, Les Écuries du Mesnil David vous proposent de la pension pour poneys et... Situé à proximité d'Aumale, les Écuries du Mesnil David;Adultes, Enfants
1837;Les Étangs du Val Doré;activity;PlaceOfInterest, PointOfInterest, SportsAndLeisurePlace;Le Val Doré est un site de 35 hectares avec 6 étangs et 30 postes, très pittoresque, situé à la frontière de la Picardie et de La Normandie, au coeur de La Vallée de La Bresle. Les étangs sont des gravières creusées, voici plus de 40 ans. Les... Le Val Doré est un site de 35 hectares avec 6 étangs e;Adultes, Familles
1838;La Plaine du Maucomble à cheval;activity;olo:OrderedList, HorseTour, PointOfInterest, Tour;Entre plaine et forêt, cet itinéraire est parfait pour les longues balades dominicales. Sur votre retour, vous emprunterez le chemin du chasse-marée, témoignage de l’activité commerciale maritime d’antan. Entre plaine et forêt, cet itinéraire est parfait pour les longues balades dominicales. Sur vot;Adultes, Enfants, Familles, Randonneurs
1839;Annouv'Equid;activity;schema:LocalBusiness, EquestrianCenter, PlaceOfInterest, PointOfInterest, SportsAndLeisurePlace;Ecole d'équitation avec pension, cours de dressage, balades, ... Visite Mini Ferme & Potager Petit marché de légumes produit à la ferme. Accueil de groupes Ecole d'équitation avec pension, cours de dressage, balades, ... Visite Mini Ferme & Potager Petit marché de légumes produit à la ferme. Accueil;Adultes, Enfants, Familles, Groupes, Randonneurs
1840;Le Puits Merveilleux en VTT;activity;olo:OrderedList, CyclingTour, PointOfInterest, Tour;Le long de votre balade vous croiserez une bien étrange ouverture : le puits merveilleux. En continuant votre chemin, vous aurez l’occassion de passer en lisière du camp souverain, lieu déjà occupé sous l’antiquité Le long de votre balade vous croiserez une bien étrange ouverture : le puits merveill;Adultes, Familles, Randonneurs, Sportifs
1845;Les Six Frères en VTT;activity;olo:OrderedList, CyclingTour, PointOfInterest, Tour;Partez à la rencontre d’une petite commune rurale. Dès le point de départ, vous apprécierez ses richesses touristiques avec l’église Sainte-Marguerite. Vous poursuivrez votre randonnée en lisière de forêt d’Eawy. Partez à la rencontre d’une petite commune rurale. Dès le point de départ, vous appréci;Adultes, Randonneurs, Sportifs
1851;Plage-Baignade Veulettes-sur-Mer;activity;PlaceOfInterest, PointOfInterest, SportsAndLeisurePlace;La plus longue digue promenade de la Côte d’Albâtre (1,5 km) protège ses habitations des intrusions de la mer lors des tempêtes. Le cours de la Veulettes a été canalisé et modifié pour passer sous la colline et se jeter dans la vallée voisine de la... La plus longue digue promenade de la Côte d’Albâ;Adultes, Enfants, Familles
1858;Les Mesnils;activity;olo:OrderedList, PointOfInterest, Tour, WalkingTour;Les sportifs et amateurs en quête d'effort physique seront ravis par cette boucle de randonnée. Prenez le temps de contempler la vallée de la Saâne puis celle de la Vienne, et les richesses naturelles et architecturales qui leur sont propres. Les sportifs et amateurs en quête d'effort physique seron;Adultes, Familles, Randonneurs, Sportifs
1870;Le cirque de Fumechon;activity;olo:OrderedList, PointOfInterest, Tour, WalkingTour;Si vous souhaitez découvrir les paysages typiques de la campagne brayonne, cette balade est faite pour vous ! Si vous souhaitez découvrir les paysages typiques de la campagne brayonne, cette balade est faite pour vous !;Adultes, Familles, Randonneurs
1880;Le Bliquetuit;activity;olo:OrderedList, PointOfInterest, Tour, WalkingTour;Au départ de la Maison du Parc Naturel Régional des Boucles de la Seine Normande, un circuit agréable en partie en bord de Seine, permettant de profiter d'une vue imprenable sur Caudebec-en-Caux ! Au départ de la Maison du Parc Naturel Régional des Boucles de la Seine Normande, un circuit agréable e;Adultes, Familles, Randonneurs
1885;Plage-Baignade Veules-les-Roses;activity;PlaceOfInterest, PointOfInterest, SportsAndLeisurePlace;L’un des plus beaux villages de Normandie et sa plage de sable et galets ! La plage offre en effet une large étendue de sable à marée basse, ce qui ravira petits et grands. A la belle saison, le front de mer aménagé propose une pataugeoire pour les... L’un des plus beaux villages de Normandie et sa ;Adultes, Enfants, Familles
1889;Visite commentée du Phare d'Antifer : tour et bâtiments techniques;activity;PlaceOfInterest, PointOfInterest, SportsAndLeisurePlace;Visite commentée de la tour et des bâtiments techniques du Phare d'Antifer. - Accès au phare : Alain Forjonel, Christian Delahais, Olivier Leparmentier ou Didier Poret, enfants de gardiens du phare d’Antifer, et bénévoles seront présents pour... Visite commentée de la tour et des bâtiments technique;Adultes, Enfants, Familles, PMR
1893;Hippodrome de Mauquenchy;activity;schema:LocalBusiness, PlaceOfInterest, PointOfInterest, Racetrack, SportsAndLeisurePlace;Situé au cœur du Pays de Bray à 39km de Rouen, Mauquenchy est un magnifique et récent hippodrome dédié au trot. Un espace naturel propice à la détente et aux loisirs. Notre restaurant panoramique à la cuisine réputée peut accueillir jusqu'à 300... Situé au cœur du Pays de Bray à 39km de Rouen, Mauqu;Adultes, Familles
1906;Office de Tourisme Normandie Caux Vexin;activity;schema:TouristInformationCenter, LocalTouristOffice, PlaceOfInterest, PointOfInterest, TouristInformationCenter;nan Situé à deux pas de la halle de Buchy et de son marché, l'office de tourisme Normandie Caux Vexin vous accueille toute l'année du lundi au samedi inclus afin de vous apporter une information fiable et des conseils personnalisés sur son territoire, parfait pour un séjour à la campagne tout près d;Adultes, Familles
1915;Petit train touristique de Dieppe;activity;schema:LocalBusiness, PlaceOfInterest, PointOfInterest, SportsAndLeisurePlace, TouristTrain;Visitez Dieppe à bord du train touristique ! La visite d'environ 45 minutes est entièrement commentée. Vous passerez par ses ports, ses ruelles, ses monuments, ses vieux quartiers et bien-sur sa plage. Le petit train vous amènera jusqu'au Château... Visitez Dieppe à bord du train touristique ! La vi;Adultes, Familles, Groupes
1920;Les Maréchaux;activity;olo:OrderedList, PointOfInterest, Tour, WalkingTour;Ce circuit en contrebas de la Cuesta du Pays de Bray fait profiter du calme de la nature. Dans le petit village, rendez-vous à l'église pour admirer le porche qui abrite de singulières sculptures. Ce circuit en contrebas de la Cuesta du Pays de Bray fait profiter du calme de la nature. Dans le petit;Adultes, Familles, Randonneurs
1921;Sissi;activity;olo:OrderedList, PointOfInterest, Tour, WalkingTour;Ici, la journée commence face à un château… et se poursuit face à la mer. D'une distance de 12 km, c'est la randonnée parfaite pour partir une journée entre amis et profiter du soleil. Devant le Château de Sissi, imaginez Élisabeth d'Autriche venir chercher l’air du large. Puis mettez-vous en marche;Adultes, Familles, Randonneurs
1925;Le Clos des Marnières;activity;olo:OrderedList, PointOfInterest, Tour, WalkingTour;Talus plantés, maison de pays, manoirs et colombiers jalonnent le parcours. L’Atelier de sculpture sur bois précieux vaut également le détour ! Talus plantés, maison de pays, manoirs et colombiers jalonnent le parcours. L’Atelier de sculpture sur bois précieux vaut également le détour !;Adultes, Familles, Randonneurs
1931;Les petits bois;activity;olo:OrderedList, PointOfInterest, Tour, WalkingTour;Au départ de l'église de Bouchevilliers, cette petite boucle familiale passe par les bois et la cuesta. Eglise, manoirs... Vous découvrirez au fil de votre balade le patrimoine bâti du village. Au départ de l'église de Bouchevilliers, cette petite boucle familiale passe par les bois et la cuesta. Eg;Adultes, Familles, Randonneurs
1940;Aire de pique-nique de Grugny;activity;ConvenientService, PicnicArea, PlaceOfInterest, PointOfInterest;Derrière la salle des fêtes, table de pique-nique avec un terrain de pétanque Près du chemin du Chasse-Marée Derrière la salle des fêtes, table de pique-nique avec un terrain de pétanque Près du chemin du Chasse-Marée;Adultes, Familles
1947;Sente aux Fées à cheval;activity;olo:OrderedList, HorseTour, PointOfInterest, Tour;"Un itinéraire de randonnée à cheval, placé sous le signe de la chasse en Pays de Caux. Chevauchez jusqu'au ""Belvédère"", haute bâtisse qui servait autrefois pour la chasse, la détente et l'observation et était entouré par le passé de murs de silex. Ceux-ci avaient plusieurs fonctions : ils délimitaie";Adultes, Enfants, Familles, Randonneurs
1955;Val Jacob à VTT;activity;olo:OrderedList, CyclingTour, PointOfInterest, Tour;Un bon bol d’air frais et de panoramas sur la campagne et la forêt d’Eu. C’est ce que vous offre le circuit VTT du Val Jacob ! Au départ de l’église de Fallencourt, petit village paisible de la Vallée de la Bresle, vous partez pour deux heures de VTT le long du Vallon nommé Jacob. Le circuit du Val ;Adultes, Familles, Randonneurs, Sportifs
1960;Bar - Bowling du Lac de Caniel;activity;PlaceOfInterest, PointOfInterest, SportsAndLeisurePlace;Venez profiter d'un moment autour d'un bowling 8 pistes à disposition, équipé de gouttières pour les plus petits, boules légères, rampe de lancement, jeux de lumières. Jusque 12 joueurs par piste. Bar à cocktails, animations ( karaoké, concerts...),... Venez profiter d'un moment autour d'un bowling ;Adultes, Familles
1967;Le Chemin Vert du Petit Caux à cheval;activity;olo:OrderedList, HorseTour, PointOfInterest, Tour;Au cœur du vaste plateau agricole du Petit Caux, le Chemin Vert met la nature et l'histoire à vos pieds ! Entre la ville d'Eu et Saint-Quentin-au-Bosc, cet itinéraire de 17 kilomètres emprunte l'ancienne voie ferrée reliant Dieppe à Eu. Mise en service en 1885, la voie ferrée a été déposée en 1982. ;Adultes, Enfants, Familles
1970;Des Sources de la Saâne à la Couture;activity;olo:OrderedList, PointOfInterest, Tour, WalkingTour;Découvrez la Vallée de la Saâne avec ce parcours en Pays de Caux. Sur la partie nord de votre itinéraire le long de la Saâne, vous découvrirez derrière les arbres le château de la Couture et ses jardins bordés d'eau. Sur la partie sud, l'itinéraire vous conduira jusqu'à la fontaine Saint-Sulpice et ;Adultes, Familles, Randonneurs
1976;Club Nautique Valeriquais;activity;PlaceOfInterest, PointOfInterest, SportsAndLeisurePlace;Installé sur le port de Saint-Valery-en-Caux, le Club Nautique Valeriquais vous accueille toute l'année et vous propose des sorties découvertes, des sorties marées, et des croisières (de 1 à 5 jours) en mer pour débutant ou confirmé sur des voiliers... Installé sur le port de Saint-Valery-en-Caux, l;Adultes, Débutants, Familles
1980;Boucle de l'Agrion de Mercure;activity;olo:OrderedList, EducationalTrail, PlaceOfInterest, PointOfInterest, SportsAndLeisurePlace, Tour, WalkingTour;Découvrez la faune et la flore de la Bresle en empruntant cette boucle de 7 km qui vous fera découvrir la nature riche et préservée des milieux aquatiques. Vous pourrez admirer de nombreux habitats naturels tels que des prairies, des forêts alluviales, les bords d'étang ou encore les pelouses sèches;Adultes, Enfants, Familles, Groupes scolaires, Randonneurs
1982;Théâtre Le Passage;activity;PlaceOfInterest, PointOfInterest, SportsAndLeisurePlace, Theater;Le Passage propose tout au long de la saison une programmation riche et variée. Théâtre, danse, objets, marionnettes à destination du tout public et aussi des spectacles pour les plus jeunes. Le Passage propose tout au long de la saison une programmation riche et variée. Théâtre, danse, objets, mari;Adultes, Familles
1984;Aéroclub de Dieppe/Commandant Fayolle;activity;schema:Airport, schema:LocalBusiness, Airport, PlaceOfInterest, PointOfInterest, SportsAndLeisurePlace, TastingProvider, Transport;Vous voulez voler? L'Aéroclub de Dieppe vous propose des formules adaptées à tous : Des vols découverte(15 et 25 min) pour découvrir l'aviation de plaisance et les paysages des environs de Dieppe, des vols et des stages d'initiation pour s'initier... Vous voulez voler? L'Aéroclub de Dieppe vous prop;Adultes, Débutants
1988;La Route de la Pomme;activity;olo:OrderedList, CyclingTour, PointOfInterest, Tour;nan nan;Adultes, Sportifs
1991;Circuit du cidre;activity;olo:OrderedList, CyclingTour, PointOfInterest, Tour;Cette randonnée à vélo de 38,5km au départ d'Anneville-sur-Scie en Normandie vous emmènera dans la campagne cauchoise où vergers et champs de blé se sôtoient, en passant par le Pays de Bray frontalier, avec sa majestueuse forêt domaniale d'Eawy. Cette randonnée à vélo de 38,5km au départ d'Anneville;Adultes, Randonneurs, Sportifs
2006;École d'Équitation la Championnerie;activity;schema:LocalBusiness, EquestrianCenter, PlaceOfInterest, PointOfInterest, SportsAndLeisurePlace;Située au coeur de la Vallée de la Ganzeville, entre Goderville et Fécamp, l'École d'équitation de la Championnerie vous propose de l'initiation et perfectionnement pour enfants, jeunes et adultes, stages à la demi-journée, à la journée ou à la... Située au coeur de la Vallée de la Ganzeville, entre;Adultes, Débutants, Enfants, Familles
2024;Le Chemin des Frênettes;activity;olo:OrderedList, PointOfInterest, Tour, WalkingTour;Vous êtes adepte de la forêt ? Alors partez pour une boucle de 7 km autour de Saint-Pierre-Bénouville, ancien village de forgerons du Pays de Caux. Au programme : détente et plaisir assurés entre chemins creux et sous-bois. Enfilez vos chaussures de rando et c’est parti pour un circuit à l’extérieur;Adultes, Familles, Randonneurs
2048;Le Marquet;activity;olo:OrderedList, PointOfInterest, Tour, WalkingTour;nan nan;Adultes, Familles, Randonneurs
2050;Gare de Saint-Laurent-de-Brèvedent;activity;schema:TrainStation, PlaceOfInterest, PointOfInterest, TrainStation, Transport;nan nan;Adultes, Familles
2059;Piscine Aumale;activity;schema:LocalBusiness, PlaceOfInterest, PointOfInterest, SportsAndLeisurePlace, SwimmingPool;La piscine d'Aumale est une piscine saisonnière non couverte, composée d'un bassin principal, d'une pataugeoire et d'un toboggan, de bains bouillonnants. La piscine d'Aumale est une piscine saisonnière non couverte, composée d'un bassin principal, d'une pataugeoire et d'un toboggan, de bains bouillo;Adultes, Enfants, Familles
2064;Chez le roi des Canaries à VTT;activity;olo:OrderedList, CyclingTour, PointOfInterest, Tour;Découvrez cet itinéraire de 25km à la découverte de la campagne du Pays de Caux. Découvrez cet itinéraire de 25km à la découverte de la campagne du Pays de Caux.;Adultes, Sportifs
2082;La Rieuse;activity;olo:OrderedList, PointOfInterest, Tour, WalkingTour;Le circuit offre des paysages variés. Au départ de l'église du village de Rieux, vous cheminerez ainsi à travers campagne, villages et forêt. A Rieux, ne manquez pas d'admirer le château bâti au XVIIIe siècle par le Chevalier Gaspard Nicolas Brayer de la Motte.La Forêt d'Eu est indivise et gérée par;Adultes, Enfants, Familles, Randonneurs
2091;Le Gibet;activity;olo:OrderedList, PointOfInterest, Tour, WalkingTour;Voilà un circuit de randonnée qui surplombe la Seine, où alternent montées et descentes, le tout pour une promenade sportive et pleine de découvertes floristiques et culturelles. Voilà un circuit de randonnée qui surplombe la Seine, où alternent montées et descentes, le tout pour une promenade sport;Adultes, Familles, Randonneurs
2092;Etretat Aventure - Randonnées tout terrain;activity;ActivityProvider, LeisureSportActivityProvider, PlaceOfInterest, PointOfInterest, SportsAndLeisurePlace;Le parc Etretat Aventure vous propose de partir en randonnée dans les campagnes normandes et même jusqu’aux célèbres falaises d’Etretat grâce à nos trottinettes électriques tout terrain. A partir de 14 ans et en groupe de 8 personnes maximum.... Le parc Etretat Aventure vous propose de partir en ran;Adultes, Familles, Randonneurs
2108;Aménagements sportifs de Gournay-en-Bray;activity;PlaceOfInterest, PointOfInterest, SportsAndLeisurePlace;Venez découvrir en famille ou entre amis les équipements mis à votre disposition à Gournay-en-Bray. A pied ou à vélo, il y en a pour tous les goûts. Piste BMX, jeux, terrain multisport, terrain de pétanque, terrain de tennis, tyrolienne et appareils... Venez découvrir en famille ou entre amis les éq;Familles
2124;Georges Cuvier;activity;olo:OrderedList, PointOfInterest, Tour, WalkingTour;Une agréable balade à travers plateaux, bois et vallées au cœurde la nature préservée du pays de Caux. Une agréable balade à travers plateaux, bois et vallées au cœurde la nature préservée du pays de Caux.;Adultes, Familles, Randonneurs
2131;Au Pays de Bourvil;activity;olo:OrderedList, PointOfInterest, Tour, WalkingTour;Découvrez les villages de Boudeville, Berville en Caux, Etalleville, et Prétot-Vicquemare, le village natal de Bourvil : paysages vallonnés, jolis manoirs, villages fleuris… Et faîtes une petite pause pique-nique devant la Chapelle de Baudribosc à Berville ! Découvrez les villages de Boudeville, Ber;Adultes, Familles, Randonneurs
2133;Vers les Bois de Neuville-Ferrières;activity;olo:OrderedList, PointOfInterest, Tour, WalkingTour;C’est parti pour une randonnée d’une heure à pied au sein du Pays Neufchâtelois ! Au cours de cette boucle, vous découvrirez le patrimoine bâti du village de Neuville-Ferrières. C’est parti pour une randonnée d’une heure à pied au sein du Pays Neufchâtelois ! Au cours de cette boucle, vous découvrir;Adultes, Familles, Randonneurs
2143;Parc Multiactivités - Arb'à Tag by Arb'Aventure;activity;PlaceOfInterest, PointOfInterest, SportsAndLeisurePlace;Arb-Aventure vous propose un parc avec encore plus d'activités à Manéhouville nommé Arb'à Tag ! Venez vous affronter en équipe avec des billes de peinture au Paintball sur deux terrains (dès 7 ans !) Envie d'adrénaline ? Venez tester le Lancer de... Arb-Aventure vous propose un parc avec encore plus;Adolescents, Adultes, Débutants, Familles
2145;Gulli Parc Rouen Docks 76;activity;PlaceOfInterest, PointOfInterest, SportsAndLeisurePlace;Gulli Parc Rouen Docks 76 est une aire de jeux et d'activité de 1000 m2 pour les enfants de 1 a 12 ans. Espace couvert (climatisé ou chauffé). • Enfants de 1 à 3 ans : un espace de jeu avec toboggan, piscine à balles et autres jeux pour faire comme... Gulli Parc Rouen Docks 76 est une aire de jeux e;Adultes, Enfants, Familles
2146;Tennis d'Offranville;activity;PlaceOfInterest, PointOfInterest, SportsAndLeisurePlace, TennisComplex;Situés dans le cadre verdoyant du Parc du Colombier, à Offranville, 2 courts extérieurs et un court intérieur sont disponibles à la location à l'heure pour une pratique loisirs durant des vacances, un week-end ou autre séjour en Pays Dieppois... Situés dans le cadre verdoyant du Parc du Colombier, à;Adultes, Enfants
2170;Le Chatelet à cheval;activity;olo:OrderedList, HorseTour, PointOfInterest, Tour;Essentiellement fermée aux automobilistes, la boucle du Châtelet est l’itinéraire idéal pour se ressourcer. D’une distance de 10 kilomètres, cet itinéraire garantit une plongée de 2h30 au cœur de la forêt d’Eawy. Essentiellement fermée aux automobilistes, la boucle du Châtelet est l’itinéraire idéal;Adultes, Enfants, Sportifs
2172;Boucle Saint-Wandrille Clères Rouen;activity;olo:OrderedList, PointOfInterest, RoadTour, Tour;Une boucle qui vous fera découvrir différents monuments de l'art roman et des paysages qui font penser à la moyenne montagne. Le tout accompagné de jolis points de vue en bord de Seine ! Une boucle qui vous fera découvrir différents monuments de l'art roman et des paysages qui font penser à la moyen;Adultes, Familles
2173;Bas de Bacqueville;activity;olo:OrderedList, PointOfInterest, Tour, WalkingTour;Ce circuit est l'occasion de découvrir Bacqueville-en-Caux. Ce charmant village présente la particularité d'être tout en relief ! Découvrez où le bas de Bacqueville peut bien vous mener ! Ce circuit est l'occasion de découvrir Bacqueville-en-Caux. Ce charmant village présente la particularité d'être;Adultes, Familles, Randonneurs
2174;Circuit du pressoir;activity;olo:OrderedList, CyclingTour, PointOfInterest, Tour;Ce circuit vélo au coeur de la Normandie vous fera découvrir de nombreux sites touristiques incontournables. Casque sur la tête et bouteille d'eau dans votre sac à d'eau, partez visiter autrement les Jardins de Bellevue ou encore le Château de Bosmelet. Ce circuit vélo au coeur de la Normandie vous ;Adultes, Familles, Sportifs
2178;Les Acres à cheval;activity;olo:OrderedList, HorseTour, PointOfInterest, Tour;Pour ce circuit, qui est en majeure partie en Forêt de Lyons, il est nécessaire de vérifier les périodes de chasse. N'hésitez pas à vous rendre au point de vue de la commune pour contempler le magnifique paysage de la boutonnière du Pays de Bray. Pour ce circuit, qui est en majeure partie en Forêt d;Adultes, Enfants
2188;Complexe Aquatique Gd'O;activity;schema:LocalBusiness, PlaceOfInterest, PointOfInterest, SportsAndLeisurePlace, SwimmingPool;Gd'O comprend plusieurs espaces : un espace ludique avec bassin sportif de 25 m, bassin d'activités, bassin ludique et rivière sauvage, un espace ludique avec pentagliss, un espace détente avec sauna, hammam et spa, un espace cardio avec salle de... Gd'O comprend plusieurs espaces : un espace ludiqu;Adultes, Enfants, Familles, Sportifs
2190;L'Atelier Boui-Boui;activity;PlaceOfInterest, PointOfInterest, SportsAndLeisurePlace;Bienvenue à l'Atelier Boui-Boui ! Plongez dans un univers floral enchanté ! Venez créer une multitude de créations florales, des couronnes de fleurs aux broches fleuries, des cages fleuries aux miroirs ornés de pétales délicats. Christopher vous... Bienvenue à l'Atelier Boui-Boui ! Plongez dans un u;Adultes, Enfants, Familles
2196;La Bonne Entente;activity;olo:OrderedList, PointOfInterest, Tour, WalkingTour;Vous êtes à la recherche d’un agréable circuit de randonnée, accessible à tous ? Nous avons trouvé ce qu’il vous faut avec ce parcours au cœur de la forêt d’Eu. Partez pour une parenthèse d’une heure trente à l’ombre des hêtres, à la découverte ou la redécouverte du charme sans égal de ce massif for;Adultes, Enfants, Familles, Randonneurs, Sportifs
2200;Trott N'Ride;activity;ActivityProvider, LeisureSportActivityProvider, PlaceOfInterest, PointOfInterest, SportsAndLeisurePlace;Venez découvrir le calme et le plaisir de nos trottinettes électriques lors de nos randonnées commentées le long du littoral de Fécamp. Faites découvrir nos magnifiques panorama lors de vos sorties en famille, entre amis ou lors de vos séminaires... Venez découvrir le calme et le plaisir de nos trot;Adultes, Familles, Randonneurs
2203;Gare de Epouville;activity;schema:TrainStation, PlaceOfInterest, PointOfInterest, TrainStation, Transport;nan nan;Adultes, Familles
2212;Le Caud Soleil à VTT;activity;olo:OrderedList, CyclingTour, PointOfInterest, Tour;Le Caud soleil est un circuit VTT ouvert au famille et aux amateurs de sortie nature à vélo. Le point de départ du circuit se trouve au coeur du village d'Aubermesnil-aux-Erables. Empruntez le petit pont surplombant le cours d'eau sillonnant le village. Sur le chemin, les amateurs de petit patrimoin;Adultes, Sportifs
2217;PARADOX;activity;PlaceOfInterest, PointOfInterest, SportsAndLeisurePlace;Centre de loisirs de 1000 m² proposant, escape game VR 4D, laser game en réalité virtuelle, lancé de haches et simulateurs sur vérins, … Bar restaurant avec une cour intérieure aménagée de 150 m². Écran géant de 4 mètres pour diffusion d'événements... Centre de loisirs de 1000 m² proposant, escape g;Adolescents, Adultes, Familles, Sportifs
2220;Le Val au Cesne à cheval;activity;olo:OrderedList, HorseTour, PointOfInterest, Tour;Un circuit agréable d'une heure environ à travers bois, champs et vallées dans le Pays de Caux. Un circuit agréable d'une heure environ à travers bois, champs et vallées dans le Pays de Caux.;Adultes, Enfants
2228;Parc canadien - Visite du parc des Bisons;activity;PlaceOfInterest, PointOfInterest, SportsAndLeisurePlace;Plongez au cœur du plus grand troupeau de Bisons américains d'Europe à bord de nos camions militaires. Nos guides vous mèneront au plus près de nos cerfs, biches et daims et bien évidemment de nos bisons , tout en vous décrivant ces animaux hors du... Plongez au cœur du plus grand troupeau de Bisons;Adultes, Enfants, Familles
2245;Moto Roots Trip;activity;PlaceOfInterest, PointOfInterest, SportsAndLeisurePlace;Balades Moto à la Journée, Rassemblements Motards, Roots Trips et Long Trip Moto en France et à l’International, Week-ends Sportifs Moto, Rallyes Touristiques – Escape Game Moto, Formules à la Carte... Nous proposons tout un panel d'activité à moto... Balades Moto à la Journée, Rassemblements Motard;Adultes, Familles, Randonneurs, Sportifs
2276;Circuit des étangs à VTT;activity;olo:OrderedList, CyclingTour, PointOfInterest, Tour;Partez à la découverte des étangs de la Varenne à VTT depuis l'itinéraire cyclotouristique de l'Avenue Verte London-Paris. Partez à la découverte des étangs de la Varenne à VTT depuis l'itinéraire cyclotouristique de l'Avenue Verte London-Paris.;Adultes, Sportifs
2290;Look At - Escape Game;activity;PlaceOfInterest, PointOfInterest, SportsAndLeisurePlace;Un escape game est un jeu d’énigmes qui se vit en équipe pour réussir à s’échapper ou à accomplir une mission. Un city game est un jeu de piste à énigmes en ville, un escape game revisité en extérieur ! Qu’est-ce qu’une murder party ? Également... Un escape game est un jeu d’énigmes qui se vit en éq;Adultes, Enfants, Familles
2295;Le 106;activity;PlaceOfInterest, PointOfInterest, SportsAndLeisurePlace, Theater;le 106, scène de musiques actuelles. Non loin du futur quartier Flaubert, il s'inscrit dans le projet global de réaménagement des quais de Seine. Moderne et convivial, le 106 est situé à 10 minutes à pied du centre-ville. Composé d'une salle... le 106, scène de musiques actuelles. Non loin du futur ;Adultes, Familles
2301;"Le Château d'Eau ""Fleur de Lin""";activity;olo:OrderedList, CyclingTour, PointOfInterest, Tour;Autour d’un point culminant du Pays de Caux (147 m) parcours entre plateau et vallons, empruntez le GR 211b à la découverte du patrimoine cauchois. Autour d’un point culminant du Pays de Caux (147 m) parcours entre plateau et vallons, empruntez le GR 211b à la découverte du patrimoine cauchois.;Adultes, Familles, Sportifs
2305;Les Orchidées à VTT;activity;olo:OrderedList, CyclingTour, PointOfInterest, Tour;"Itinéraire entre plaines, côtes calcaires et vallons. Vous descendrez vers un minuscule ruisseau appelé ""La Grippe"" et pourrez voir des orchidées sauvages selon la saison. Itinéraire entre plaines, côtes calcaires et vallons. Vous descendrez vers un minuscule ruisseau appelé ""La Grippe"" et pourrez v";Adultes, Sportifs
2308;L'Arbalète et le Bosmelet;activity;olo:OrderedList, PointOfInterest, Tour, WalkingTour;Au départ de l'église de Vassonville, vous empruntez le tracé du GR 210 dit du Chasse Marée® qui vous mène au Moulin de l'arbalète, un moulin hydraulique en activité. Plus loin sur votre itinéraire, ne manquez pas le domaine du Bosmelet avec son château style Louis XIII, son jardin potager Arc en ci;Adultes, Familles, Randonneurs
2312;Autour de Neufchâtel;activity;olo:OrderedList, PointOfInterest, Tour, WalkingTour;Au départ de l'ancienne gare, c'est parti pour une demi journée d'efforts sur les hauteurs de Neufchâtel-en-Bray, avant de rejoindre l'Avenue Verte London-Paris au niveau du PN73 à Neuville-Ferrières. Besoin d'une pause ? Profitez de l'aire de repos et du jardins des sens aménagés par la commune le ;Adultes, Familles, Randonneurs
2313;Le Havre Étretat Normandie Tourisme - Maison du Patrimoine;activity;schema:TouristInformationCenter, LocalTouristOffice, PlaceOfInterest, PointOfInterest, TouristInformationCenter;nan L'Office de Tourisme Le Havre Etretat Normandie Tourisme ouvre ses portes toute l'année. La Maison du Patrimoine est un lieu d'information et également un lieu d'accueil pour les visites de l'Appartement témoin Perret. Vous trouverez une documentation complète ainsi que de nombreux services. Tou;Adultes, Enfants, Familles
2318;Le Tour du Lac;activity;olo:OrderedList, PointOfInterest, Tour, WalkingTour;Découvrez une ancienne sablière, aujourd'hui plan d'eau propice à une promenade familiale. Profitez-en ensuite pour prendre le bac qui vous emmène sur la rive droite de la Seine à Duclair. Découvrez une ancienne sablière, aujourd'hui plan d'eau propice à une promenade familiale. Profitez-en ensuite ;Adultes, Familles, Randonneurs
2319;Le Bois des Puits;activity;olo:OrderedList, PointOfInterest, Tour, WalkingTour;nan nan;Adultes, Familles, Randonneurs
2325;Ferme de Beaumont;activity;PlaceOfInterest, PointOfInterest, SportsAndLeisurePlace, TeachingFarm;Depuis 1962, la Ferme de Beaumont vous ouvre ses portes pour vous faire découvrir son univers unique en son genre : • sa ferme d’élevage : tous les animaux que vous voyez dans les parcs sont à vendre • son équipe d’éleveurs experts : ils vous... Depuis 1962, la Ferme de Beaumont vous ouvre ses porte;Adultes, Enfants, Familles, Groupes scolaires
2326;Théâtre de l'Ouest;activity;PlaceOfInterest, PointOfInterest, SportsAndLeisurePlace, Theater;Situé au coeur de la ville de Rouen, entre le centre historique et le nouveau quartier des docks, le théâtre à l'Ouest de Rouen, propose chaque semaine des spectacles différents avec des points communs : l'humour, le rire et la qualité. Le théâtre... Situé au coeur de la ville de Rouen, entre le cen;Adultes, Familles
2327;JUMP'IN 76;activity;PlaceOfInterest, PointOfInterest, SportsAndLeisurePlace;Jump’In 76, votre professionnel de la fête en Seine-Maritime, est basé à Cailly, et se déplace sur tout le département pour vous faire découvrir ses structures. Participer à la vie de votre commune, de votre comité d’entreprise, ou tout simplement... Jump’In 76, votre professionnel de la fête en Sei;Adolescents, Adultes, Enfants, Familles
2348;Port de plaisance de Rouen et aire de service camping-car;activity;Marina, PlaceOfInterest, PointOfInterest, SportsAndLeisurePlace;Port de plaisance de 100 anneaux pour bateaux entre 5 et 17 m, 50 emplacements à terre, pontons sécurisés, sanitaires avec douche, laverie, eau, électricité, WIFI, carburant, cale de mise à l'eau, pompe aux usées, aire de carénage, location de... Port de plaisance de 100 anneaux pour bateaux entre 5;Adultes, Familles
2349;Les Anciennes des Boucles de la Seine;activity;schema:LocalBusiness, PlaceOfInterest, PointOfInterest, RacingCircuit, SportsAndLeisurePlace;Créée en juin 2025 afin de réunir les passionnés de véhicules anciens, civils et militaires, l'association a pour vocation de préserver, valoriser et faire vivre le patrimoine automobile du 20ème siècle. A travers ses actions, expositions,... Créée en juin 2025 afin de réunir les passionnés de véhic;Adultes, Randonneurs
2352;Yoga Shala Étretat;activity;PlaceOfInterest, PointOfInterest, SportsAndLeisurePlace;Un lieu dédié au bien-être dans un corps de ferme sur la route d’Etretat. Dans un lieu atypique et chaleureux, vous pourrez vous initier au Yoga ou développer votre pratique dans des cours collectifs ou privés. Des massages énergétiques et... Un lieu dédié au bien-être dans un corps de ferme sur la ;Adultes, Enfants, Familles
2367;Gare de Pavilly;activity;schema:TrainStation, PlaceOfInterest, PointOfInterest, TrainStation, Transport;nan nan;Adultes, Familles
2370;Poney-club Poney Nature;activity;schema:LocalBusiness, EquestrianCenter, PlaceOfInterest, PointOfInterest, SportsAndLeisurePlace;Centre équestre le plus proche du centre ville de Rouen, le poney club de Darnétal est une structure pensée, construite et animée pour l'enfant. Vous y trouverez une pédagogie de qualité adaptée à l'enfant et au jeune adolescent avec des enseignants... Centre équestre le plus proche du centre ville ;Adolescents, Adultes, Débutants, Enfants, Familles
2379;A partir de Fesques;activity;olo:OrderedList, PointOfInterest, Tour, WalkingTour;Cette boucle de randonnée vous emmène au coeur du Pays Neufchâtelois pour une balade de 12km. A vos chaussures de randonnée, sacs à dos et bouteille d’eau partez pour une expédition tonique et revigorante ! Cette boucle de randonnée vous emmène au coeur du Pays Neufchâtelois pour une balade de 12km.;Adultes, Familles, Randonneurs
2387;Des Sources de la Saâne à la Couture à VTT;activity;olo:OrderedList, CyclingTour, PointOfInterest, Tour;Ce parcours VTT, parfait pour les sportifs, vous amènera sur le territoire du Château de la Couture et de ses jardins. Vous trouverez ce dernier sur la partie nord de votre itinéraire, le long de la Saâne. Et sur la partie sud, l'itinéraire vous conduira jusqu'à la fontaine Saint Sulpice et sa chape;Adultes, Familles, Randonneurs, Sportifs
2390;Vers la Forêt d'Eawy à VTT;activity;olo:OrderedList, CyclingTour, PointOfInterest, Tour;Un bon casque, des lunettes et un sac à dos avec bouteille et encas sont les indispensable pour cette rando à VTT. Et si possible un petit kit de réparation en cas de besoin. Ça y est vous êtes parés pour cette journée en Pays de Bray.En pédalant vers la Forêt d'Eawy ne manquez pas de vous retourner;Adultes, Familles, Sportifs
2407;Les Six Frères à cheval;activity;olo:OrderedList, HorseTour, PointOfInterest, Tour;Partez à la rencontre d’une petite commune rurale. Dès le point de départ, vous apprécierez ses richesses touristiques avec l’église Sainte-Marguerite. Vous poursuivrez votre randonnée en lisière de forêt d’Eawy. Partez à la rencontre d’une petite commune rurale. Dès le point de départ, vous appréci;Adultes, Enfants, Randonneurs
2408;Les Vikings;activity;PlaceOfInterest, PointOfInterest, SportsAndLeisurePlace, Theater;L’Espace culturel Les vikings est une salle de spectacle municipale, située rue Pierre de Coubertin, dans le département de la Seine-Maritime (76), en région Normandie. Propriété de la Ville d’Yvetot, la salle est implantée en plein cœur du Pays de... L’Espace culturel Les vikings est une salle de s;Adultes, Familles
2454;Spa Nuxe Les Pins de César;activity;PlaceOfInterest, PointOfInterest, SportsAndLeisurePlace;Venez découvrir des moments de relaxation intense grâce au Spa Nuxe Les Pins de César, avec sa splendide piscine couverte et chauffée de 12 x 5m, idéale pour se délasser en cas de temps couvert, le sauna Tylarium, parfait pour un instant de détente... Venez découvrir des moments de relaxation intens;Adultes
2460;Le Chemin des Frênettes à VTT;activity;olo:OrderedList, CyclingTour, PointOfInterest, Tour;Vous êtes adepte de la forêt ? Alors partez pour une boucle de 7 km autour de Saint-Pierre-Bénouville, ancien village de forgerons du Pays de Caux. Au programme : détente et plaisir assurés entre chemins creux et sous-bois. Enfilez votre casque et c’est parti pour un circuit à l’extérieur du monde u;Adultes, Familles, Randonneurs, Sportifs
2478;Aire de pique-nique de Grigneuseville;activity;ConvenientService, PicnicArea, PlaceOfInterest, PointOfInterest;Située en face des Jardins Agapanthe Située en face des Jardins Agapanthe;Adultes, Familles
2482;Manufactory;activity;schema:Product, PlaceOfInterest, PointOfInterest, Practice, Product, SportsAndLeisurePlace, Traineeship;Manufactory est un concept-store alliant un espace boutique et un espace atelier. Martine peut recevoir des groupes jusqu'à 10 participants. Elle propose des activités de loisirs créatifs ouvert à tous, permettant l'utilisation de techniques... Manufactory est un concept-store alliant un espace bout;Adultes, Familles, Groupes
2483;Centre de Tourisme Équestre du Val Saint-Pierre;activity;schema:LocalBusiness, EquestrianCenter, PlaceOfInterest, PointOfInterest, SportsAndLeisurePlace;Superbe centre équestre de 60 chevaux et poneys, manège de 20m x 60m, carrière de 40m x 20m, au cœur de la forêt de Lyons et de ses chemins de randonnées. Ambiance conviviale assurée. Ce centre équestre vous offre cours, balades, stages, randonnées... Superbe centre équestre de 60 chevaux et poneys,;Adultes, Enfants, Familles, Randonneurs
2484;Piscine de Bolbec;activity;schema:LocalBusiness, PlaceOfInterest, PointOfInterest, SportsAndLeisurePlace, SwimmingPool;Située en Vallée de Seine, le centre aquatique est équipé de 2 bassins : un bassin sportif et un bassin ludique. Chaque mois, les centres aquatiques Caux Vallée de Seine organisent de nombreuses animations pour les petits et grands. Située en Vallée de Seine, le centre aquatique est équipé de 2 bass;Adultes, Enfants, Familles, Sportifs
2488;L'Espace de Forges;activity;PlaceOfInterest, PointOfInterest, SportsAndLeisurePlace, Theater;Avec sa salle principale de 700 m² modulable proposant plusieurs configurations, l'Espace de Forges possède un accueil équipé d'un bar pour se détendre avant, pendant ou après les nombreux spectacles proposés sur l'année. Avec sa salle principale de 700 m² modulable proposant plusieurs configuration;Adultes, Familles
2489;Casino Forges-les-Eaux;activity;schema:Casino, Casino, PlaceOfInterest, PointOfInterest, SportsAndLeisurePlace;La salle des jeux vous propose près de 250 machines à sous de dernière génération, 70 postes de roulettes électroniques et 14 postes de Blackjack électroniques. Un espace est également dédié aux jeux traditionnels : roulettes anglaises, Black Jack,... La salle des jeux vous propose près de 250 machi;Adultes
2494;Beauville La Cité à VTT;activity;olo:OrderedList, CyclingTour, PointOfInterest, Tour;nan nan;Adultes, Sportifs
2510;Le sentier du plateau boisé;activity;olo:OrderedList, EducationalTrail, PlaceOfInterest, PointOfInterest, SportsAndLeisurePlace, Tour, WalkingTour;Ce parcours accessible à tous vous permet de découvrir les différents milieux du plateau boisé d'Orival. Vous y trouverez des mares, occupées au fil des saisons par diverses plantes et quelques animaux tels que des insectes et des amphibiens. Au travers de la forêt vous pourrez observer les différen;Adultes, Enfants, Familles, Groupes scolaires, Randonneurs
2513;Les deux Vallées;activity;olo:OrderedList, PointOfInterest, RoadTour, Tour;nan nan;Adultes, Familles
2516;École de voile de Quiberville;activity;NauticalCentre, PlaceOfInterest, PointOfInterest, SportsAndLeisurePlace;Situé à 20 km de Dieppe, dans un cadre exceptionnel, l'école de voile de Quiberville vous propose de découvrir la voile dans un cadre convivial et familial, avec des cours embarqués et la location de matériel : catamaran, kayak de mer et stand-up... Situé à 20 km de Dieppe, dans un cadre exceptionne;Adultes, Débutants, Familles
2524;La Forêt du Hellet à cheval;activity;olo:OrderedList, HorseTour, PointOfInterest, Tour;C'est un coup de cœur pour cette agréable boucle de randonnée VTT en partie ombragée par les arbres majestueux de la forêt du Hellet, au nord de la commune de Mesnières-en-Bray. Un casque, une bonne tenue, des lunettes et à vous le grand air ! Nous vous conseillons vivement ce circuit pour la variét;Adultes, Enfants, Randonneurs
2529;Spa Nuxe Vent d'Ouest;activity;PlaceOfInterest, PointOfInterest, SportsAndLeisurePlace;Profitez de votre séjour en Normandie pour succomber à une parenthèse détente. Dans notre espace spa, les meilleurs soins pour le corps, le visage vous seront prodigués pour vous offrir une bulle de douceur. Relâchez entièrement les tensions et... Profitez de votre séjour en Normandie pour succomber;Adultes
2532;La Hêtraie à VTT;activity;olo:OrderedList, CyclingTour, PointOfInterest, Tour;Au départ de l'église de Mont-Rôty, cette randonnée dans le bois du Temple saura éveiller la curiosité des vététistes avec ses nombreuses richesses. Prenez le temps d'observer l'ancienne commanderie ainsi que le lieu de commémoration de la Rouge-Mare. Arrêtez vous en chemin pour découvrir la faune e;Adultes, Enfants, Familles, Randonneurs, Sportifs
2539;Gare de Ferrières-en-Bray;activity;schema:TrainStation, PlaceOfInterest, PointOfInterest, TrainStation, Transport;nan nan;Adultes, Familles
2542;Port de plaisance du Havre;activity;Marina, PlaceOfInterest, PointOfInterest, SportsAndLeisurePlace;Le port de plaisance du Havre est l’un des seuls ports de plaisance français en eau profonde, accessible 24h sur 24, par tous les temps, sans contraintes de marée. Le port bénéficie en outre d’une station carburant sur ponton, plusieurs engins de... Le port de plaisance du Havre est l’un des seuls p;Adultes
2552;La Côte d’Orimont à VTT;activity;olo:OrderedList, CyclingTour, PointOfInterest, Tour;Ce circuit de 12,2 km (dont 7,1 km sur chemin) traverse des hameaux au patrimoine étonnant (châteaux, chaumières...) en passant par les côtes et les chemins du plateau. Ce circuit de 12,2 km (dont 7,1 km sur chemin) traverse des hameaux au patrimoine étonnant (châteaux, chaumières...) en passant par;Adultes, Sportifs
2556;Centre équestre La Cavale Merens;activity;schema:LocalBusiness, EquestrianCenter, PlaceOfInterest, PointOfInterest, SportsAndLeisurePlace;Laurie Martin, BPJEPS, propose des cours d'équitation (CSO, CCE, dressage), d'attelage pour cavaliers débutants ou confirmés, avec une cavalerie de 15 chevaux et poneys. Passage de galops, stages à thème pour enfants et adultes. Compétition CCE,... Laurie Martin, BPJEPS, propose des cours d'équitati;Adultes, Débutants, Enfants, Familles
2565;Gare de Harfleur;activity;schema:TrainStation, PlaceOfInterest, PointOfInterest, TrainStation, Transport;nan nan;Adultes, Familles
2567;Autour de Beau Soleil à VTT;activity;olo:OrderedList, CyclingTour, PointOfInterest, Tour;Boucle permettant la découverte de la vallée de la Ganzeville et de la campagne cauchoise. Boucle permettant la découverte de la vallée de la Ganzeville et de la campagne cauchoise.;Adultes, Sportifs
2568;Canoë-Club Normand;activity;PlaceOfInterest, PointOfInterest, SportsAndLeisurePlace;Lors d'une balade accompagnée, une éducatrice sportive vous fera découvrir un site sur lequel la navigation peut-être surprenante. Vous apprendrez à naviguer avec la marée pour jouer avec les courants. Vous partirez à la rencontre des hérons... Lors d'une balade accompagnée, une éducatrice sportive ;Adultes, Familles, Randonneurs
2571;Labyrinthe artmazia;activity;PlaceOfInterest, PointOfInterest, SportsAndLeisurePlace;Petits et grands, venez vous perdre et vous retrouver dans ce labyrinthe géant composé de 5000 hêtres et d'une distance de 3600 m. Vous y découvrirez un univers hors du temps où l'on vous proposera 3 jeux de piste pour plus de 2h30 heures d'... Petits et grands, venez vous perdre et vous retrouver d;Adultes, Enfants, Familles
2572;La vallée Dollé;activity;olo:OrderedList, PointOfInterest, Tour, WalkingTour;Que diriez-vous d’une agréable randonnée à pied pour découvrir l’ouest du Pays de Bray ? Muni d’une bonne paire de chaussures et de votre bouteille d’eau, c’est parti ! Que diriez-vous d’une agréable randonnée à pied pour découvrir l’ouest du Pays de Bray ? Muni d’une bonne paire de chaussures et de;Adultes, Familles, Randonneurs
2579;En bord de Seine;activity;olo:OrderedList, HorseTour, PointOfInterest, Tour;"Située sur la rive gauche de la Seine, en pleine forêt de Brotonne et au cœur du Parc Naturel Régional des Boucles de la Seine Normande, cette randonnée équestre offre un spectacle majestueux à ses pratiquants. ""En Bord de Seine"" est une jolie boucle créée pour découvrir, entre fleuve et forêt, ce q";Adultes, Enfants, Familles, Randonneurs
2582;AAPPMA de la Vallée de la Durdent;activity;PlaceOfInterest, PointOfInterest, SportsAndLeisurePlace;Plusieurs sites de pêche sont proposés. En première catégorie, environ 10 km de parcours sont disponibles pour la pêche de la truite fario mais aussi de la truite de mer, dont certains parcours sont réservés à la pêche en no kill. En deuxième... Plusieurs sites de pêche sont proposés. En première ca;Adultes, Familles
2585;Le Coupe Gorge à VTT;activity;olo:OrderedList, CyclingTour, PointOfInterest, Tour;nan nan;Adultes, Sportifs
2586;Balade sur le lac au coucher du soleil;activity;ActivityProvider, NauticalCentre, PlaceOfInterest, PointOfInterest, SportsAndLeisurePlace;Embarquez pour une aventure inoubliable avec Maxime et Valentin sur le lac de Jumièges, au cœurdes boucles majestueuses de la Seine. Dans un cadre naturel préservé, riche d’histoire et d’émotions, laissez-vous guider à travers les eaux paisibles... Embarquez pour une aventure inoubliable avec Maxime;Adultes, Familles
2593;Auffay à pied;activity;olo:OrderedList, PointOfInterest, Tour, WalkingTour;Auffay, autrefois appelé Altafagus se développa tout d’abord autour de son monument religieux, l’église Notre-Dame. Marqué par un passé industriel de production de textile, la ville garde aujourd’hui encore les traces d’un héritage historique. Ce parcours vous emmènera au cœur d’Auffay, où vous renc;Adultes, Familles, Randonneurs
2594;Le sentier des troglodytes;activity;olo:OrderedList, PointOfInterest, Tour, WalkingTour;Le sentier des troglodytes comporte quelques dénivelés, il est donc nécessaire de s'équiper de bonnes chaussures et d'eau. Lors de ce parcours vous pourrez découvrir les vestiges du château de la Roche Fouet mais aussi les coteaux calcaires, ces milieux riches et fragiles. Pour les protéger, pensez ;Adultes, Familles, Randonneurs
2596;Les Hauts-Champs;activity;olo:OrderedList, PointOfInterest, Tour, WalkingTour;Cet itinéraire vous fera découvrir à proximité du cimetière un point de vue intéressant sur le talweg et le relief des hautes et des basses Brehoulles. D’une distance de 4 km dans un chemin semi-couvert, cet itinéraire est idéal pour une remise en jambe en famille. Cet itinéraire vous fera découvrir;Adultes, Familles, Randonneurs
2599;Mini-golf d'Offranville;activity;MiniGolf, PlaceOfInterest, PointOfInterest, SportsAndLeisurePlace;Le mini-golf d'Offranville est situé au cœur du Parc de loisirs du Colombier, en plein centre de la commune. Entouré de verdure et éloigné des véhicules motorisés, c'est un réel moment de détente et de plaisir en famille ou entre amis qu'il vous est... Le mini-golf d'Offranville est situé au cœur du;Adultes, Enfants, Familles
2615;La Petite Balade;activity;PlaceOfInterest, PointOfInterest, SportsAndLeisurePlace;Au départ de Saint-Wandrille, optez pour le charme d’une visite du territoire en Dyane ! Vincent Langlois, passionné de vieilles voitures, propose en effet de louer une Dyane pour se balader. Puisqu’il ne s’agit bien sûr pas d’aller vite mais de... Au départ de Saint-Wandrille, optez pour le charme ;Adultes, Familles, Randonneurs
2617;Le Mont Lévêque;activity;olo:OrderedList, PointOfInterest, Tour, WalkingTour;Une balade à la campagne pour découvrir fermes, églises, châteaux et maisons normandes sur votre chemin. Une balade à la campagne pour découvrir fermes, églises, châteaux et maisons normandes sur votre chemin.;Adultes, Enfants, Familles, Randonneurs
2624;Les Démagnes;activity;olo:OrderedList, PointOfInterest, Tour, WalkingTour;nan nan;Adultes, Familles, Randonneurs
2631;Le grand circuit du Neufchâtel;activity;olo:OrderedList, CyclingTour, PointOfInterest, Tour;Prêt à découvrir à vélo le fromage AOP de Neufchâtel ? Cet itinéraire de 75 km que nous vous conseillons de découvrir en deux jours vous fera découvrir les paysages du Pays de Bray ainsi que les lieux de fabrications du célèbre fromage en forme de coeur. Cette boucle au départ de Neufchâtel-en-Bray ;Adultes, Sportifs
2636;La Chèvre d'Or à VTT;activity;olo:OrderedList, CyclingTour, PointOfInterest, Tour;Belle petite boucle dans le plus grand massif forestier de Normandie où vous aurez sûrement la chance de rencontrer des animaux. Avant la balade, vérifiez les périodes de chasse sur le site de l'ONF. Belle petite boucle dans le plus grand massif forestier de Normandie où vous aurez sûrement la chanc;Adultes, Enfants, Familles, Randonneurs, Sportifs
2638;Circuit des étangs;activity;olo:OrderedList, PointOfInterest, Tour, WalkingTour;Au départ de l'Avenue Verte London-Paris au niveau de Saint-Aubin-le-Cauf vous partirez à pied à la découverte des étangs de la Varenne. Une jolie balade de 7,2 km dans l’arrière-pays dieppois. Prenez vos chaussures, remplissez votre gourde, c’est parti ! Au départ de l'Avenue Verte London-Paris au ;Adultes, Familles, Randonneurs
2641;Surf'in Pourville;activity;PlaceOfInterest, PointOfInterest, SportsAndLeisurePlace;Surf'in Pourville vous propose la découverte, le perfectionnement et la location de toutes les disciplines de la Fédération Française de Surf : surf, body-board, stand up paddle, skimboard & kayak double. Les combinaisons néoprène sont comprises... Surf'in Pourville vous propose la découverte, le pe;Adolescents, Adultes, Débutants, Familles, Randonneurs
2644;Sport Jump - Ecurie des Hautes Falaises;activity;schema:LocalBusiness, EquestrianCenter, PlaceOfInterest, PointOfInterest, SportsAndLeisurePlace;Le centre équestre des Hautes Falaises, situé sur les hauteurs de Fécamp, vous propose des balades à cheval ou à poney avec de beaux paysages, des baptêmes initiation à poneys ainsi que des cours et animations pour tous niveaux. Le centre équestre des Hautes Falaises, situé sur les hauteurs de Fécam;Adultes, Débutants, Enfants, Familles, Randonneurs
2645;Le Prêtre à VTT;activity;olo:OrderedList, CyclingTour, PointOfInterest, Tour;Ce circuit VTT, accessible à tous en famille, entre amis ou en solo, part de Rétonval et vous emmènera en plein coeur de la forêt d'Eu. Une petite promenade sportive idéale pour un weekend ensoleillé. La Forêt d'Eu est indivise et gérée par l'ONF (Office National des Forêts). Ce circuit VTT, accessi;Adultes, Familles, Sportifs
2647;Le Coq à l'Âne;activity;ActivityProvider, LeisureSportActivityProvider, PlaceOfInterest, PointOfInterest, SportsAndLeisurePlace;Doux et affectueux, cet animal à quatre pattes hors du commun, vous fera découvrir le plaisir de randonner en portant vos sacs à dos et votre pique-nique. En location libre, vous pourrez louer des ânes bâtés pour vos randonnées pédestres sur une... Doux et affectueux, cet animal à quatre pattes hors;Adultes, Débutants, Randonneurs
2656;Val du Roy à VTT;activity;olo:OrderedList, CyclingTour, PointOfInterest, Tour;Cet itinéraire balisé vous permettra de découvrir la vallée de l'Yères. Vous démarrez ce parcours à Villy-sur-Yères, devant l'église Saint-Martin, datant du 12ème siècle. Du versant est, vous aurez un très beau panorama sur la vallée. Au hameau du Val du Roy, le roi Henri IV avait l'habitude de s'ar;Adultes, Familles, Sportifs
2657;Autour de Beau Soleil;activity;olo:OrderedList, PointOfInterest, Tour, WalkingTour;Boucle permettant la découverte de la vallée de la Ganzeville et de la campagne cauchoise. Boucle permettant la découverte de la vallée de la Ganzeville et de la campagne cauchoise.;Adultes, Familles, Randonneurs
2662;La Pompetterie;activity;schema:LocalBusiness, schema:Product, PlaceOfInterest, PointOfInterest, Practice, Product, SportsAndLeisurePlace, TastingProvider, Traineeship;Explorez, déguster, apprécier, votre voyage œnologique commence ici ! Plongez dans l'univers du vin avec les cours d’œnologie, conçus pour démystifier la richesse du terroir français, peu importe votre niveau. Apprenez dans une ambiance conviviale... Explorez, déguster, apprécier, votre voyage œnolo;Adultes, Familles, Groupes
2663;Autour du lac de Caniel;activity;olo:OrderedList, PointOfInterest, Tour, WalkingTour;Parcours patrimoine dans Vittefleur. Jolis chemins en fond de vallons et pittoresques cavées. Parcours patrimoine dans Vittefleur. Jolis chemins en fond de vallons et pittoresques cavées.;Adultes, Familles, Randonneurs
2689;La Chapelle d'Hodeng;activity;olo:OrderedList, PointOfInterest, Tour, WalkingTour;Cette petite boucle de randonnée, accessible à tous, est parfaite pour les familles et vous permettra de contempler les paysages typiques de la boutonnière du Pays de Bray. Cette petite boucle de randonnée, accessible à tous, est parfaite pour les familles et vous permettra de contempler les paysage;Adultes, Familles, Randonneurs
2693;L'Assemblaye - Tiers lieu interculturel;activity;PlaceOfInterest, PointOfInterest, SportsAndLeisurePlace;Installée dans une ancienne chapelle, l’Assemblaye se transforme aujourd’hui en tiers-lieu solidaire, interculturel et intergénérationnel, ouvert sur le territoire. Impulsé par les personnes âgées et les équipes de l’EHPAD Les Dames Blanches, avec... Installée dans une ancienne chapelle, l’Assemblay;Adultes
2708;La Verrerie de Carqueray;activity;olo:OrderedList, PointOfInterest, Tour, WalkingTour;Petit parcours agréable par son charme paysager et son village qui a conservé de très belles mares et des sentes à paniers. Petit parcours agréable par son charme paysager et son village qui a conservé de très belles mares et des sentes à paniers.;Adultes, Familles, Randonneurs
2720;Airshow;activity;ActivityProvider, LeisureSportActivityProvider, PlaceOfInterest, PointOfInterest, SportsAndLeisurePlace;Airshow vous propose des vols en Montgolfière au départ de Forges-Les Eaux. Paysages de bocages forêts, petits vallons et bourgs normands se succèdent pour le plus grand plaisir des yeux. Située dans un triangle Rouen-Beauvais-Dieppe, aux portes de... Airshow vous propose des vols en Montgolfière au;Adultes, Familles
2731;Le Chatelet à VTT;activity;olo:OrderedList, CyclingTour, PointOfInterest, Tour;Essentiellement fermée aux automobilistes, la boucle du Châtelet est l’itinéraire idéal pour se ressourcer. D’une distance de 10 kilomètres, cet itinéraire garantit une plongée de 2h30 au cœur de la forêt d’Eawy. Essentiellement fermée aux automobilistes, la boucle du Châtelet est l’itinéraire idéal;Adultes, Sportifs
2733;De Seine en forêt à VTT;activity;olo:OrderedList, CyclingTour, PointOfInterest, Tour;En à peine une heure de VTT, vous découvrirez sur cette boucle les paysages les plus variés ! En à peine une heure de VTT, vous découvrirez sur cette boucle les paysages les plus variés !;Adultes, Sportifs
2741;Le Hangar Zéro;activity;schema:LocalBusiness, PlaceOfInterest, PointOfInterest, SportsAndLeisurePlace, TastingProvider;Le Hangar Zéro est un lieu ouvert à tous.tes, une place publique où s’élabore les pratiques d’avenir, pour une écologie citoyenne et juste. Retrouvez tous les événements, ateliers et rencontres organisés au Hangar Zéro, lieu engagé dans la... Le Hangar Zéro est un lieu ouvert à tous.tes, une place p;Adultes, Familles
2744;Circuit VTT n°7 : Coeur de Caux;activity;olo:OrderedList, CyclingTour, PointOfInterest, Tour;Partez à la découverte de la campagne du Pays de Caux au VTT en parcourant les chemins autour de Fauville-en-Caux ! Partez à la découverte de la campagne du Pays de Caux au VTT en parcourant les chemins autour de Fauville-en-Caux !;Adultes, Sportifs
2748;Bracquemont - Piste des Faisans;activity;olo:OrderedList, PointOfInterest, Tour, WalkingTour;Voici une randonnée idéale pour les adeptes, alliant plaisir sportif et découverte de la Vallée de la Saâne. C’est parti pour une balade bucolique et pittoresque. Voici une randonnée idéale pour les adeptes, alliant plaisir sportif et découverte de la Vallée de la Saâne. C’est parti pour une balade ;Adultes, Familles, Randonneurs, Sportifs
2763;Le Chemin Vert du Petit Caux;activity;olo:OrderedList, PointOfInterest, Tour, WalkingTour;Entre la ville d’Eu et Saint-Quentin-au-Bosc, cet itinéraire de 17 kilomètres emprunte l’ancienne voie ferrée reliant Dieppe à Eu. Mise en service en 1885, la voie ferrée a été déposée en 1982. Aujourd’hui, le train ne siffle donc plus mais de nombreuses traces de ce passé ferroviaire subsistent. Vo;Adultes, Enfants, Familles, PMR, Randonneurs
2765;Circuit n°3 de Saint-Maurice-d'Etelan;activity;olo:OrderedList, CyclingTour, PointOfInterest, Tour;Cette randonnée d'une heure au départ de Saint-Maurice-d'Etelan vous fera découvrir la Seine sous différentes facettes. Longez son méandre et appréciez la quiétude du chemin du halage, et prenez de la hauteur pour découvrir la beauté de la Vallée de la Seine. Cette randonnée d'une heure au départ de;Adultes, Randonneurs, Sportifs
2772;Le sentier de l'oppidum;activity;olo:OrderedList, EducationalTrail, PlaceOfInterest, PointOfInterest, SportsAndLeisurePlace, Tour, WalkingTour;Le parcours du sentier de l'oppidum présente trois dénivelés importants qui le rendent quelque peu difficile. Il est donc nécessaire d'être prudent et de prévoir un bon équipement tel que de bonnes chaussures et de l'eau. Au travers du chemin, vous découvrirez l'histoire du territoire. Vous pourrez ;Adultes, Enfants, Familles, Groupes scolaires, Randonneurs
2776;Boucle VTT de Notre-Dame-de-Gravenchon;activity;olo:OrderedList, CyclingTour, PointOfInterest, Tour;Une randonnée à VTT au cœur du Parc Naturel Régional des Boucles de la Seine Normande. Une randonnée à VTT au cœur du Parc Naturel Régional des Boucles de la Seine Normande.;Adultes, Randonneurs, Sportifs
2783;TML Voile;activity;PlaceOfInterest, PointOfInterest, SportsAndLeisurePlace;TML Voile est un centre de voile habitable et de formation agréé, affilié à la Fédération française de voile. L'association propose 3 types d'activités : croisières sur voile habitable, stages de formation en voile, formation professionnelle au... TML Voile est un centre de voile habitable et de for;Adultes, Familles
2785;Ciel-ÉVASION - Activités aériennes;activity;PlaceOfInterest, PointOfInterest, SportsAndLeisurePlace;"Ciel-ÉVASION, Activités aériennes. L'aventure aérienne sous toutes ses formes, Montgolfière, ULM, Hélicoptère, Chute libre, soufflerie... et même Avion de Chasse ! Christophe et Thomas, deux pilotes professionnels, passionnés par l'élément ""air"",... Ciel-ÉVASION, Activités aériennes. L'aventure aéri";Adultes, Familles
2788;Circuit du patrimoine de Gonzeville;activity;olo:OrderedList, EducationalTrail, PlaceOfInterest, PointOfInterest, SportsAndLeisurePlace, Tour, WalkingTour;Une agréable balade d'une heure et demie à la découverte du patrimoine d'un village typique du Pays de Caux. Une agréable balade d'une heure et demie à la découverte du patrimoine d'un village typique du Pays de Caux.;Adultes, Enfants, Familles, Groupes scolaires, Randonneurs
2806;La briquette;activity;olo:OrderedList, CyclingTour, PointOfInterest, Tour;Une boucle à vélo de 25 km au plein coeur du Pays de Bray entre Béthune, petit patrimoine et patrimoine remarquable avec le Château de Mesnières-en-Bray. Une boucle à vélo de 25 km au plein coeur du Pays de Bray entre Béthune, petit patrimoine et patrimoine remarquable avec le Château de Mesnières-e;Adultes, Sportifs
2811;La Cavée des Sabotiers à VTT;activity;olo:OrderedList, CyclingTour, PointOfInterest, Tour;Cette jolie boucle de 1h met en valeur le paysage de la vallée de l'Andelle. Vous passerez devant un oratoire dédié à Sainte-Anne. Cette jolie boucle de 1h met en valeur le paysage de la vallée de l'Andelle. Vous passerez devant un oratoire dédié à Sainte-Anne.;Adultes, Familles, Sportifs
2815;Les Routhieux;activity;olo:OrderedList, PointOfInterest, Tour, WalkingTour;Venez sur le circuit des Routhieux pour profiter d'un point de vue idéal sur le Pays de Bray. Partez à la découverte de la Cuesta, côte crayeuse et abrupte, et profitez d'un agréable panorama du Pays de Bray d'où vous pourrez voir le Château de Ménerval ainsi que son château d'eau. Une belle balade ;Adultes, Familles, Randonneurs
2821;PR Parc de Rouelles;activity;olo:OrderedList, PointOfInterest, Tour, WalkingTour;Une marche à travers le poumon vert de la ville du Havre ! Cette balade vous fera passer devant de nombreux points d’intérêt insolites à travers les prairies, les bois, les étangs et les marais. Une marche à travers le poumon vert de la ville du Havre ! Cette balade vous fera passer devant de nombre;Adultes, Familles, Randonneurs
2840;Les Orchidées;activity;olo:OrderedList, PointOfInterest, Tour, WalkingTour;"Itinéraire entre plaines, côtes calcaires et vallons. Vous descendrez vers un minuscule ruisseau appelé ""La Grippe"" et pourrez voir des orchidées sauvages selon la saison. Itinéraire entre plaines, côtes calcaires et vallons. Vous descendrez vers un minuscule ruisseau appelé ""La Grippe"" et pourrez v";Adultes, Familles, Randonneurs
2857;Gare de Rouen - Rive droite;activity;schema:TrainStation, PlaceOfInterest, PointOfInterest, TrainStation, Transport;nan nan;Adultes, Familles
2862;Dieppe Voiles et Falaises;activity;PlaceOfInterest, PointOfInterest, SportsAndLeisurePlace;Dieppe Voiles et Falaises vous propose de découvrir la voile en toute convivialité sur un voilier confortable de 9,5 m, de type Bénéteau first 31.7 . Vous naviguerez aux abords de la Côte d'Albâtre, à travers des balades demi -journée, journées, des... Dieppe Voiles et Falaises vous propose de décou;Adultes, Familles, Randonneurs
2872;De part et d'autre de l'Epte;activity;olo:OrderedList, PointOfInterest, Tour, WalkingTour;Une randonnée de part et d'autre de l'Epte pour une demi-journée au cœur des paysages bocagers du Pays de Bray. Avis aux férus de marche à pied ! Une randonnée de part et d'autre de l'Epte pour une demi-journée au cœur des paysages bocagers du Pays de Bray. Avis aux férus de marche à pied !;Adultes, Familles, Randonneurs
2880;Boucle VTT de Notre-Dame-de-Bliquetuit;activity;olo:OrderedList, CyclingTour, PointOfInterest, Tour;Un parcours VTT aménagé sur la rive gauche des rives de la Seine, direction la Forêt domaniale de Brotonne pour les sportifs! Un parcours VTT aménagé sur la rive gauche des rives de la Seine, direction la Forêt domaniale de Brotonne pour les sportifs!;Adultes, Familles, Sportifs
2882;Bettina Lanchais, Guide de Bains de Nature, Analyste psycho-corporelle;activity;PlaceOfInterest, PointOfInterest, SportsAndLeisurePlace;Vibrez votre nature profonde, Vivez une expérience unique de détente par la reconnexion à la nature et à votre corps, en forêt ou à la plage ! Vous serez guidés et accompagné avec des pratiques vitalisantes et sérénisantes : sensorielles,... Vibrez votre nature profonde, Vivez une expérience unique ;Inconnu
2895;La côte Blanche à VTT;activity;olo:OrderedList, CyclingTour, PointOfInterest, Tour;Voici la randonnée VTT idéale pour les personnes ne connaissant pas le Pays de Bray, ou bien celle qui souhaitent la découvrir encore ! Le circuit de la côte Blanche vous fera passer par tous les paysages typiques du Pays de Bray comme par exemple les marnières (des cavités souterraines), la Cuesta ;Adultes, Randonneurs, Sportifs
2908;Saint-Vincent Street Art;activity;PlaceOfInterest, PointOfInterest, SportsAndLeisurePlace;Entre les Jardins suspendus et le square Saint-Roch, découvrez la rue du Président Wilson ! Les artistes de Street Art, encouragés par les commerçants de la rue, travaillent à mettre en couleurs les murs et créent des oeuvres au fil du temps. Liste... Entre les Jardins suspendus et le square Saint-R;Adultes, Familles
2912;Chemin de Boscol;activity;olo:OrderedList, PointOfInterest, Tour, WalkingTour;Une balade à travers bois autour de la jolie commune de Saint-Clair-sur-les-Monts. Une balade à travers bois autour de la jolie commune de Saint-Clair-sur-les-Monts.;Adultes, Familles, Randonneurs
2923;L'Etang de l'AAPPMA;activity;PlaceOfInterest, PointOfInterest, SportsAndLeisurePlace;A Saint-Denis-d'Aclon venez profiter d'un étang de pêche de 4 hectares au cœur de la campagne et de la vallée de la Saâne. Vous pourrez bénéficier de ce plan d'eau tous les jours (excepté les jeudi et vendredi jours d'empoissonnement), 30min avant... A Saint-Denis-d'Aclon venez profiter d'un étang d;Adultes, Familles
2927;Road Adventure;activity;PlaceOfInterest, PointOfInterest, SportsAndLeisurePlace;Location de vans aménagés avec itinéraires touristiques. Voyagez autrement : Partez à l'aventure avec un van tout confort, autonome et facile à conduire. (Re)découvrez la liberté de la route, sans contrainte. Une expérience clé en main : Le van... Location de vans aménagés avec itinéraires touristiq;Adultes, Familles
2934;Le Moulin à vent;activity;olo:OrderedList, PointOfInterest, Tour, WalkingTour;Plusieurs curiosités architecturales sont à découvrir tout au long du parcours. Plusieurs curiosités architecturales sont à découvrir tout au long du parcours.;Adultes, Familles, Randonneurs
2935;Borne tactile d'information touristique;activity;schema:TouristInformationCenter, LocalTouristOffice, PlaceOfInterest, PointOfInterest, TouristInformationCenter;nan L'Office de Tourisme et des Congrès de Rouen Normandie met à votre disposition dans le village de La Bouille, une borne tactile d'information touristique accessible 24/24. Vous pourrez la retrouver à la Mairie, 1 rue de la République.;Adultes, Familles
2939;Des Sources de la Saâne à la Couture en attelage;activity;olo:OrderedList, HorseTour, PointOfInterest, Tour;Venez découvrir la Vallée de la Saâne en attelage avec ce parcours en Pays de Caux. Sur la partie nord de votre itinéraire le long de la Saâne, vous découvrirez derrière les arbres le château de la Couture et ses jardins bordés d'eau. Sur la partie sud, le circuit vous conduira jusqu'à la fontaine S;Adultes, Enfants, Familles
2943;Equicoaching Autrement;activity;PlaceOfInterest, PointOfInterest, SportsAndLeisurePlace;Vous avez décidé d'améliorer vos relations, vis à vis de vous-même, des autres, de votre environnement. Grâce au cheval, révélez et développez votre potentiel et valorisez votre capital humain ! Le cheval n'est pas monté, aucune compétence équestre... Vous avez décidé d'améliorer vos relations, vis ;Adultes, Enfants
2947;AB Sports, Piscine et Spa;activity;PlaceOfInterest, PointOfInterest, SportsAndLeisurePlace;Ce complexe piscine, spa et fitness propose un accueil de grande qualité dans une ambiance familiale et conviviale. Le centre aquatique comprend un pentagliss 4 couloirs, une pataugeoire pour les tout-petits, un bassin ludique avec rivière à... Ce complexe piscine, spa et fitness propose un accueil ;Adultes, Sportifs
2957;Le Puits Merveilleux à cheval;activity;olo:OrderedList, HorseTour, PointOfInterest, Tour;Le long de votre balade vous croiserez une bien étrange ouverture : le puits merveilleux. En continuant votre chemin, vous aurez l’occassion de passer en lisière du camp souverain, lieu déjà occupé sous l’antiquité Le long de votre balade vous croiserez une bien étrange ouverture : le puits merveill;Adultes, Enfants, Familles, Randonneurs
2967;La Plaine de Sonimare à VTT;activity;olo:OrderedList, CyclingTour, PointOfInterest, Tour;Balade en pays de Caux entre champs, plaine, mares, petits villages, hameaux et clos-masures. Balade en pays de Caux entre champs, plaine, mares, petits villages, hameaux et clos-masures.;Adultes, Familles, Randonneurs, Sportifs
2970;Mini-golf Hautot-sur-mer;activity;MiniGolf, PlaceOfInterest, PointOfInterest, SportsAndLeisurePlace;Ce mini-golf de 18 trous, situé en front de mer, s'étend sur une surface de 2000 m². Des nocturnes sont proposés pendant l'été. Des tables de pique-nique sont à votre disposition. Ce mini-golf de 18 trous, situé en front de mer, s'étend sur une surface de 2000 m². Des nocturnes sont proposés pendant;Adolescents, Adultes, Enfants, Familles
2971;Gare de Rolleville;activity;schema:TrainStation, PlaceOfInterest, PointOfInterest, TrainStation, Transport;nan nan;Adultes, Familles
2973;Chemin de Boscol à VTT;activity;olo:OrderedList, CyclingTour, PointOfInterest, Tour;Une balade à travers bois autour de la jolie commune de Saint-Clair-sur-les-Monts. Une balade à travers bois autour de la jolie commune de Saint-Clair-sur-les-Monts.;Adultes, Familles, Randonneurs, Sportifs
2977;Centre Nautique Paul Vatine;activity;PlaceOfInterest, PointOfInterest, SportsAndLeisurePlace;Toute l'année, l'école de voile du Centre Nautique Paul Vatine vous propose de l'initiation et du perfectionnement sur catamarans les mercredis et les samedis (de septembre à Noël et de mars à juin), mais aussi des sorties en First class 7.5 et des... Toute l'année, l'école de voile du Centre Nautiq;Adolescents, Adultes, Débutants, Familles
2978;Les Monts à VTT;activity;olo:OrderedList, CyclingTour, PointOfInterest, Tour;Au cœur du Pays de Bray, partez à la découverte de cette boucle de randonnée de 5 km au départ de Sigy-en-Bray. VTT et casque sur la tête, venez admirez le panorama de la petite commune, entre champs et forêts. Au cœur du Pays de Bray, partez à la découverte de cette boucle de randonnée de 5 km au d;Adultes, Randonneurs, Sportifs
2990;Le Chevreuil à VTT;activity;olo:OrderedList, CyclingTour, PointOfInterest, Tour;"Allez à la découverte de la Forêt de Lyons, une des plus belles hêtraies d'Europe. Là, vous aurez la possibilité de faire une pause au ""Carrefour du Chevreuil"". Allez à la découverte de la Forêt de Lyons, une des plus belles hêtraies d'Europe. Là, vous aurez la possibilité de faire une pause au ""Car";Adultes, Sportifs
2993;Excursion nautique avec La Mer pour Tous;activity;schema:LocalBusiness, PlaceOfInterest, PointOfInterest, SightseeingBoat, SportsAndLeisurePlace;Partez à la découverte des côtes Normandes entre Fécamp et Etretat à bord d'un Speed Boat de 10,5m/650cv. Des guides passionnés vous raconteront l'histoire des falaises et sa géologie, l'histoire et l'évolution du village d'Etretat et de ses... Partez à la découverte des côtes Normandes entre Fécamp;Adultes, Enfants, Familles, Randonneurs
2995;La Voie romaine;activity;olo:OrderedList, PointOfInterest, Tour, WalkingTour;Au départ de la “Capitale du Lin” découvrez les hameaux de Doudeville, et l’ancienne voie romaine. Au départ de la “Capitale du Lin” découvrez les hameaux de Doudeville, et l’ancienne voie romaine.;Adultes, Familles, Randonneurs
3010;Gare de Fécamp;activity;schema:TrainStation, PlaceOfInterest, PointOfInterest, TrainStation, Transport;nan nan;Adultes, Familles
3012;Centre Aquatique de Terres-de-Caux;activity;schema:LocalBusiness, PlaceOfInterest, PointOfInterest, SportsAndLeisurePlace, SwimmingPool;Quatre maîtres nageurs dynamiques vous accueillent pour pratiquer l'activité aquatique adaptée à votre profil. Apprendre à nager à tout âge, se maintenir en forme ou tout simplement prendre du plaisir dans l'eau, c'est possible dans ce bassin de 25... Quatre maîtres nageurs dynamiques vous accueille;Adultes, Enfants, Familles
3017;Le Val de l'Abbesse;activity;olo:OrderedList, PointOfInterest, Tour, WalkingTour;La légende situe la martyre de Saint-Honorine aux abords de ce circuit, à proximité de la voie romaine Lillebonne-Harfleur. Sainte-Honorine, jeune chrétienne que voulait épouser un soldat romain, aurait voulu rester fidèle à sa foi. Ce qui lui aurait valu d'être égorgée, son corps, d'être jeté en Se;Adultes, Familles, Randonneurs
3019;Les Coquelicots;activity;olo:OrderedList, PointOfInterest, Tour, WalkingTour;Venez parcourir les plateau et vallons, des plaines de Gueures à la Vallée de la Saâne. Ce circuit ravira les randonneurs en quête d’une randonnée sportive dans une environnement champêtre et typique. Venez parcourir les plateau et vallons, des plaines de Gueures à la Vallée de la Saâne. Ce circuit ;Adultes, Familles, Randonneurs
3023;École municipale de Voile;activity;NauticalCentre, PlaceOfInterest, PointOfInterest, SportsAndLeisurePlace;STAGE OPTIMIST (7-9 ans) Venez découvrir la voile grâce à l’optimist ! Ce petit navire stable et très maniable permettra à votre enfant d’être un vrai marin en cinq demi-journées. Du 7 juillet au 29 août 2025 - du lundi au vendredi de 9h30 à 11h30... STAGE OPTIMIST (7-9 ans) Venez découvrir la voile;Adultes, Enfants, Familles
3024;Cours collectif de golf;activity;schema:GolfCourse, ActivityProvider, GolfCourse, PlaceOfInterest, PointOfInterest, SportsAndLeisurePlace;Les cours collectifs sont organisés toutes les semaines, chaque séance est avec un thème annoncé en amont pour que chaque joueur puisse trouver le contenu qui l’intéresse. L’objectif premier de ces séances est que vous repartiez avec un axe de... Les cours collectifs sont organisés toutes les semain;Adultes
3026;Boucle de la Forêt d'Eu;activity;olo:OrderedList, HorseTour, PointOfInterest, Tour;Partez à la découverte des richesses naturelles la forêt d'Eu en Normandie, la limite de la Baie de Somme, à travers cette randonnée dédiée exclusivement aux cavaliers. Partez à la découverte des richesses naturelles la forêt d'Eu en Normandie, la limite de la Baie de Somme, à travers cette randonné;Adultes, Enfants, Randonneurs
3028;Casino JOA Le Tréport;activity;schema:Casino, Casino, PlaceOfInterest, PointOfInterest, SportsAndLeisurePlace;En plein coeur de la ville, face à une vue imprenable sur la mer, venez découvrir le Casino JOA du Tréport & son cinéma, un joli coup double qui va vous séduire ! Vous y trouverez machines à sous, roulette anglaise électronique, table de black... En plein coeur de la ville, face à une vue imprenable;Adultes
3030;"Le Camp ""Lucky Strike""";activity;olo:OrderedList, PointOfInterest, Tour, WalkingTour;nan nan;Adultes, Familles, Randonneurs
3063;Vertigo;activity;schema:Product, ActivityProvider, MultiActivity, PlaceOfInterest, PointOfInterest, Practice, Product, SportsAndLeisurePlace;Des racines à la cime, explorez vos arbres préférés ! 15 ans d'expérience en élagage ont mené Vertigo vers le partage de sa passion pour le patrimoine arboré. Comment? avec des techniques sécurisées et adaptées du métier d'arboriste, hissez-vous le... Des racines à la cime, explorez vos arbres préfé;Adultes, Enfants, Familles
3094;La Cavée aux Coqs;activity;olo:OrderedList, PointOfInterest, Tour, WalkingTour;Cette balade vous fera découvrir Betteville, l’église et le Manoir qui s’y trouvent, ainsi que quelques belles chaumières restaurées dans le bourg et au hameau du Mesnil. Vous pourrez apercevoir un très beau panorama sur le Pont de Brotonne et sur l’un des bâtiments de l’abbaye de Saint-Wandrille-Ra;Adultes, Familles, Randonneurs
3103;Abeille Parachutisme;activity;PlaceOfInterest, PointOfInterest, SchoolOrTrainingCentre, SportsAndLeisurePlace;Vous commencerez par 15 minutes de briefing détaillé sur ce qui vous attend... Puis, après 20 minutes de vol au dessus des falaises d'Étretat et de la Côte Fleurie, ou de la Baie du Mont-Saint-Michel, la porte de l’avion s’ouvre... Vous êtes à 3 000... Vous commencerez par 15 minutes de briefing dét;Adultes, Débutants, Familles, Randonneurs
3126;Tim'Jet;activity;PlaceOfInterest, PointOfInterest, SportsAndLeisurePlace;La société Tim'Jet vous propose différentes activités nautiques à la plage de Saint-Jouin-Bruneval, entre Le Havre et Etretat. Vous pourrez vous initier au jet ski, découvrir la bouée tractée, le paddle ou le flyboard. Au départ de Mannevillette,... La société Tim'Jet vous propose différentes activi;Adultes, Familles
3131;Escape Game Egypte « Le trésor d’Amékhasis » - Art’Sport Café;activity;PlaceOfInterest, PointOfInterest, SportsAndLeisurePlace;Afin de pouvoir accueillir tout le monde, des plus petits aux plus grands, nous avons développé nos scénarios de trois façons différentes. Le niveau 1 étoile, accessible aux plus jeunes puisque jouable dès 6 ans, offre une dynamique adaptée aux... Afin de pouvoir accueillir tout le monde, des plus p;Adultes, Familles
3144;Sur le chemin de Compostelle de Rouen à Saint-Cyr-la-Campagne;activity;olo:OrderedList, PointOfInterest, Tour, WalkingTour;Une voie des Chemins de Compostelle traverse la Seine-Maritime : la « voie des Anglais » ! Une voie des Chemins de Compostelle traverse la Seine-Maritime : la « voie des Anglais » !;Adultes, Familles, Randonneurs
3145;[R] Vedettes Baie de Seine - Visite du Port du Havre;activity;schema:LocalBusiness, PlaceOfInterest, PointOfInterest, SightseeingBoat, SportsAndLeisurePlace;Venez découvrir le port du Havre, le plus grand port de l'Ouest pendant 1h30. Un des deux circuits choisi par le capitaine au moment du départ en fonction de la météo et du trafic maritime : la visite de Port 2000 OU la visite du port historique.... Venez découvrir le port du Havre, le plus grand po;Adultes, Familles
3147;Eden Bien-Être;activity;PlaceOfInterest, PointOfInterest, SportsAndLeisurePlace;Eden Bien-être by Abhyanga est un spa haut de gamme situé à Rouen, offrant une expérience de bien-être exclusive et entièrement privatisée. Dans un cadre élégant, confidentiel et raffiné, le spa met à disposition des équipements premium : sauna,... Eden Bien-être by Abhyanga est un spa haut de gamme;Adultes
3151;Promenade & pêche en mer · Navigation Normande;activity;schema:LocalBusiness, PlaceOfInterest, PointOfInterest, SightseeingBoat, SportsAndLeisurePlace;Larguez les amarres ! Navigation Normande vous propose de la pêche à la journée ou demi-journée, de la promenade en mer le long de la côte d'Albâtre en direction de Pourville-sur-mer & de Varengeville-sur-mer. La flotte est composée de 6 navires... Larguez les amarres ! Navigation Normande vous prop;Adultes, Familles
3156;Pagaies en Seine;activity;PlaceOfInterest, PointOfInterest, SportsAndLeisurePlace;Pagaies en Seine vous propose des cours et des stages en kayak de mer, en canoë-kayak et en paddle, des stages de sports de nature (géocatching, course d'orientation, dragon boat, tir à l'arc), randonnée nautique en kayak et en dragon boat, balade... Pagaies en Seine vous propose des cours et des st;Adultes, Familles, Randonneurs
3162;Voiles et Galets d'Étretat;activity;PlaceOfInterest, PointOfInterest, SportsAndLeisurePlace;Voiles et Galets d’Étretat vous propose des activités nautiques variées. L’association, ouverte d’avril à novembre, accueille le public dès 4 ans. Des cours collectifs, des cours particuliers, des stages pendant les vacances scolaires et des... Voiles et Galets d’Étretat vous propose des activités n;Adultes, Familles, Randonneurs
3168;PR La Fontaine;activity;olo:OrderedList, PointOfInterest, Tour, WalkingTour;Une belle boucle en forêt Une belle boucle en forêt;Adultes, Familles, Randonneurs
3172;Les Vergers;activity;olo:OrderedList, PointOfInterest, Tour, WalkingTour;Ce circuit vous emmènera entre forêt et paysage arboricole caractéristique de cette boucle de la Seine dont l'histoire est intimement liée à celle de l'Abbaye de Jumièges. Ce circuit vous emmènera entre forêt et paysage arboricole caractéristique de cette boucle de la Seine dont l'histoire est intim;Adultes, Familles, Randonneurs
3186;Le sentier du vallon;activity;olo:OrderedList, EducationalTrail, PlaceOfInterest, PointOfInterest, SportsAndLeisurePlace, Tour, WalkingTour;Ce parcours est accessible à tous, sans difficulté majeure. Au travers du sentier vous découvrirez la gestion forestière de cet espace, avec les coupes de bois et le reboisement naturel. Au détour du chemin vous rencontrerez peut être quelques animaux de la forêt tels que le renard, l'écureuil ou bi;Adultes, Enfants, Familles, Groupes scolaires, Randonneurs
3210;Autour de Rouen (Est) à moto;activity;olo:OrderedList, PointOfInterest, RoadTour, Tour;Une balade à la découverte de l’histoire normande, sur les traces de Madame Bovary. Le parcours emprunte de jolies routes viroleuses à travers de petites vallées. Une balade à la découverte de l’histoire normande, sur les traces de Madame Bovary. Le parcours emprunte de jolies routes viroleuses à tr;Adultes, Familles, Randonneurs
3211;La Montagne;activity;olo:OrderedList, PointOfInterest, Tour, WalkingTour;"Comme son nom l'indique, ""La Montagne"" est une randonnée où ça grimpe. Pas de panique, ce que vous montez, vous le redescendrez plus tard (et inversement)!Sur les hauteurs du Pays de Bray, n'oubliez pas de prendre le temps d'observer le relief de la boutonnière du Pays de Bray. Le temps a forgé ces ";Adultes, Enfants, Familles, Randonneurs
3233;Randonnées à Etretat;activity;ActivityProvider, LeisureSportActivityProvider, PlaceOfInterest, PointOfInterest, SportsAndLeisurePlace;Cyrielle Davoult vous propose des randonnées à Etretat. Partez à la découverte des majestueuses falaises d’Etretat et ses valleuses sauvages. Cyrielle Davoult vous propose des randonnées à Etretat. Partez à la découverte des majestueuses falaises d’Etretat et ses valleuses sauvages.;Adultes, Randonneurs
3260;Le Rail;activity;olo:OrderedList, CyclingTour, PointOfInterest, Tour;nan nan;Adultes, Sportifs
3272;Centre Aquatique des 2 Falaises - O² Falaises;activity;schema:LocalBusiness, PlaceOfInterest, PointOfInterest, SportsAndLeisurePlace, TastingProvider;O2Falaises ce sont 3 espaces avec 3 plages horaires différentes. Un Espace AQUATIQUE avec une pataugeoire pour les plus petits, un bassin de loisirs, un bassin sportif de 6 lignes sur 25 mètres et un espace extérieur estival avec bassin de loisirs,... O2Falaises ce sont 3 espaces avec 3 plages horai;Adultes, Enfants, Familles, Sportifs
3278;Les petits bois à cheval;activity;olo:OrderedList, HorseTour, PointOfInterest, Tour;Au départ de l'église de Bouchevilliers, cette petite boucle familiale passe par les bois et la cuesta. Eglise, manoirs... Vous découvrirez au fil de votre balade le patrimoine bâti du village. Au départ de l'église de Bouchevilliers, cette petite boucle familiale passe par les bois et la cuesta. Eg;Adultes, Enfants, Familles, Randonneurs
3280;Le Cube Foot Indoor;activity;PlaceOfInterest, PointOfInterest, SportsAndLeisurePlace;Location de terrains de foot indoor : deux terrains de foot (5 contre 5), espace bar/snack, coin détente avec billard, fléchettes, écran géant pour diffuser les matches et deux télévisions à l'étage. Organisation d'anniversaires, enterrements de vie... Location de terrains de foot indoor : deux terr;Adultes, Familles
3287;Gare de Maromme;activity;schema:TrainStation, PlaceOfInterest, PointOfInterest, TrainStation, Transport;nan nan;Adultes, Familles
3309;Centre Aquatique Intercommunal La Piscine;activity;schema:LocalBusiness, PlaceOfInterest, PointOfInterest, SportsAndLeisurePlace, SwimmingPool;De nouvelles animations attendent les petits… et les grands ! Éclaboussures et fous rires garantis avec les jeux d’eau du Splash Pad en extérieur. Profitez également de l’espace détente agrandi et entièrement refait à neuf pour un moment de... De nouvelles animations attendent les petits… et les gra;Adultes, Enfants, Familles, Sportifs
3316;Le Lihut à VTT;activity;olo:OrderedList, CyclingTour, PointOfInterest, Tour;Sur cet itinéraire, vous retrouverez un parcours pédagogique sur les arbres de la forêt d’Eawy. Vous passerez en lisière du carcahoux, hutte emblématique de la Forêt d’Eawy. Sur cet itinéraire, vous retrouverez un parcours pédagogique sur les arbres de la forêt d’Eawy. Vous passerez en lisière du ca;Adultes, Familles, Sportifs
3332;La Coutume;activity;olo:OrderedList, PointOfInterest, Tour, WalkingTour;Une promenade pleine de spiritualité pour vous éloigner du speed quotidien. Une promenade pleine de spiritualité pour vous éloigner du speed quotidien.;Adultes, Familles, Randonneurs
3342;Cinéma du Casino;activity;PlaceOfInterest, PointOfInterest, SportsAndLeisurePlace;Situé à Saint-Valery-en-Caux face à la mer, le cinéma vous propose une salle de 156 places, avec projection dolby stéréo grand confort, numérique 2D et 3D. Le programme est disponible chaque semaine à l'entrée du casino. Situé à Saint-Valery-en-Caux face à la mer, le cinéma vous propose une salle de;Adultes
3351;Centre équestre du Caillebourg;activity;schema:LocalBusiness, EquestrianCenter, PlaceOfInterest, PointOfInterest, SportsAndLeisurePlace;Situé en plein cœur d'une nature verdoyante, le Centre Équestre du Caillebourg vous accueille dans une ambiance conviviale. Installé sur plus de 4 ha de terrain, le centre équestre de Saint-Martin-aux-Arbres vous invite à découvrir ou à redécouvrir... Situé en plein cœur d'une nature verdoyante, le ;Adultes, Enfants, Groupes, Randonneurs
3357;Un Vent de Liberté à cheval;activity;olo:OrderedList, HorseTour, PointOfInterest, Tour;Sur une demi journée, venez découvrir à cheval le patrimoine local de Lestanville. Appréciez la traversée des bois, plaine et fond de vallée et admirez au passage les panoramas de ce charmant paysage. Et pour les férus de patrimoine, vous ne serez pas déçus par les moulins et les églises. Pour votre;Adultes, Enfants
3361;Parc canadien - Visite du Temple des loups;activity;PlaceOfInterest, PointOfInterest, SportsAndLeisurePlace;Dans un cadre splendide en plein milieu des collines verdoyantes de la Normandie, venez découvrir en circuit pédestre nos différentes meutes de loups. 100% accompagné d'un guide expérimenté. Sur place un restaurant au charme canadien où il vous est... Dans un cadre splendide en plein milieu des coll;Adultes, Familles
3368;Happy City;activity;PlaceOfInterest, PointOfInterest, SportsAndLeisurePlace;Le plus grand parc de jeux couvert de Haute-Normandie pour les enfants de 1 à 12 ans, climatisé et chauffé à Amfreville-La-Mivoie. Venez passer un moment inoubliable avec vos enfants dans notre parc de jeux couvert, chauffé et climatisé de plus de... Le plus grand parc de jeux couvert de Haute-Norma;Adolescents, Adultes, Enfants, Familles
3385;Le Val Godard;activity;olo:OrderedList, PointOfInterest, Tour, WalkingTour;Lors de cette balade au coeur de la forêt du Trait-Maulévrier, vous pourrez surprendre un couple de faisans. Animaux sauvages, ils se nourrissent dans les bois et tiennent des coqs et des poulets, avec leurs couleurs éclatantes et lumineuses. Lors de cette balade au coeur de la forêt du Trait-Maulév;Adultes, Enfants, Familles, Randonneurs
3416;Golf de Jumièges - Le Mesnil;activity;schema:GolfCourse, GolfCourse, PlaceOfInterest, PointOfInterest, SportsAndLeisurePlace;Entre Rouen et Le Havre, situé seulement à 1h30 de Paris, ce golf est au coeur du Parc Naturel Régional des Boucles de la Seine Normande. Crée par l’architecte J.P. Fourès en 1991, sous l’impulsion de la région et des départements de l’Eure et de... Entre Rouen et Le Havre, situé seulement à 1h30 de;Adultes
3422;Symbi0se;activity;PlaceOfInterest, PointOfInterest, SportsAndLeisurePlace;Symbi0se est la ferme aquaponique du Hangar Zéro. L'aquaponie est la combinaison de l'aquaculture et de l'hydroponie pour proposer des produits sains, locaux et écologiques. La ferme produit également des micropousses et des champignons à... Symbi0se est la ferme aquaponique du Hangar Zéro. L'aquapo;Adultes, Enfants, Familles
3428;La Ferme équestre de Gerval;activity;schema:LocalBusiness, EquestrianCenter, PlaceOfInterest, PointOfInterest, SportsAndLeisurePlace;Equitation de pleine nature, ânes de selle, poneys, chevaux. Activités de découverte. Parcours en terrains variés, promenades, randonnées. Locations d’ânes en autonomie – Equizen : le bien-être par le cheval. Equitation de pleine nature, ânes de selle, poneys, chevaux. Activités de découverte. Parco;Adultes, Enfants, Familles, Randonneurs
3431;Domaine Duclos Fougeray;activity;PlaceOfInterest, PointOfInterest, SportsAndLeisurePlace, TeachingFarm;Notre cidrerie-distillerie est située en plein coeur de la boutonnière du Pays de Bray. Le corps de ferme du XVIIIème siècle est en colombages et torchis, il abrite les chais à Calvados et Pommeau de Normandie pour un parfait achèvement. Balade... Notre cidrerie-distillerie est située en plein coeur;Adultes, Enfants, Familles, Groupes scolaires, Randonneurs
3440;Grande boucle VTT de Vatteville-la-Rue;activity;olo:OrderedList, CyclingTour, PointOfInterest, Tour;Une longue randonnée à VTT proposée aux sportifs dans la Forêt domaniale de Brotonne et le long des boucles de la Seine. Une longue randonnée à VTT proposée aux sportifs dans la Forêt domaniale de Brotonne et le long des boucles de la Seine.;Adultes, Randonneurs, Sportifs
3450;Le Cristal Cabaret;activity;PlaceOfInterest, PointOfInterest, SportsAndLeisurePlace, Theater;Le Cabaret transformiste Cristal Chic ouvre ses portes à Saint-Wandrille pour une expérience éblouissante et inoubliable. Plongez dans un univers glamour et audacieux où les artistes transformistes vous offrent un spectacle haut en couleur, mêlant... Le Cabaret transformiste Cristal Chic ouvre ses p;Adultes, Familles
3451;"Circuit ""Sur les pas d'Emma Bovary""";activity;olo:OrderedList, PointOfInterest, Tour, WalkingTour;Ce circuit littéraire et numérique vous propose de partir sur les traces de la célèbre héroïne du roman de Gustave Flaubert, Madame Bovary. Dans la description que Flaubert fait du village fictif de Yonville-l'Abbaye, où il situe l'action de son roman, on peut reconnaître les principaux traits de la;Adultes, Familles, Randonneurs
3454;Etocquigny;activity;olo:OrderedList, PointOfInterest, Tour, WalkingTour;Cet itinéraire balisé vous permettra de découvrir les charmes de la vallée de l'Yères. Au point de départ, vous pourrez admirer l'Eglise de Saint-Martin-le-Gaillard avec son clocher en forme de hache. Après avoir traversé le bois domanial de Saint-Martin, vous emprunterez le Chemin Vert du Petit Cau;Adultes, Familles, Randonneurs
3461;SPA du Drap d'Or - Hôtel de Bourgtheroulde;activity;PlaceOfInterest, PointOfInterest, SportsAndLeisurePlace;Situé en plein coeur de Rouen, le SPA au Drap d'Or de l'Hôtel de Bourgtheroulde vous offrent 700 m² d'espaces entièrement entièrement à votre confort et à votre détente. Divers soins esthétiques et de bien-être (soins du corps, soins du visage,... Situé en plein coeur de Rouen, le SPA au Drap d'Or d;Adultes
3470;Hippodrome du Mont Louvet;activity;schema:LocalBusiness, PlaceOfInterest, PointOfInterest, Racetrack, SportsAndLeisurePlace;Situé en plein centre du Pays de Bray, l'hippodrome bénéficie d'une piste cendrée machefer attenante à une tribune neuve avec hall. 8 réunions à l'année, enjeux nationaux. Discipline trot. Catégorie 3e. Corde droite. Situé en plein centre du Pays de Bray, l'hippodrome bénéficie d'une piste cendrée m;Adultes, Familles
3473;Saint-Rémy;activity;olo:OrderedList, PointOfInterest, Tour, WalkingTour;Ce beau circuit propose des paysages variés. Vous cheminerez le long de l'Andelle. Le Marais des Communaux, site naturel proche du circuit, est à découvrir. Ce beau circuit propose des paysages variés. Vous cheminerez le long de l'Andelle. Le Marais des Communaux, site naturel proche du circuit, est;Adultes, Familles, Randonneurs
3478;Étangs de Sommery;activity;PlaceOfInterest, PointOfInterest, SportsAndLeisurePlace;Au milieu des prés dans un espace boisé, 7 bassins à la truite ont été aménagés pour vous adonner à votre loisir préféré. Pour les individuels, des forfaits vous sont proposés à la demi-journée ou à la journée. Les individuels, les groupes, les... Au milieu des prés dans un espace boisé, 7 bassins à;Adultes, Familles, Groupes
3493;Les Comtes d'Evreux;activity;olo:OrderedList, PointOfInterest, Tour, WalkingTour;Sur les traces du comte archevêque. A l'entrée du vallon de Fontaineval, à Notre-Dame-de-Gravenchon, veillent encore les vestiges de l'enceinte fortifiée et la motte féodale du bois du Parc qui lui fait face. Sentinelles érigées par les comtes d'Evreux, parents des Ducs de Normandie, elles faisaient;Adultes, Familles, Randonneurs
3507;Gare de Clères;activity;schema:TrainStation, PlaceOfInterest, PointOfInterest, TrainStation, Transport;nan nan;Adultes, Familles
3518;Casino Yport;activity;PlaceOfInterest, PointOfInterest, SportsAndLeisurePlace;Dans une ambiance conviviale le personnel du casino d'Yport vous accueille tous les jours avec plaisir, pour vous faire vivre une expérience casino inoubliable. Tous les jours venez découvrir de nouvelles animations et jeux ! Dans une ambiance conviviale le personnel du casino d'Yport vous accueille;Adultes
3519;Boucle VTT de Lillebonne;activity;olo:OrderedList, CyclingTour, PointOfInterest, Tour;Une belle randonnée dans la Vallée de la Seine pour les amateurs de VTT. Attention boucle réservée aux sportifs! Attention : jusqu'à fin novembre 2022 des travaux sur le parcours au niveau du chemin rural de la Martinière, à Villequier contraint à une déviation ajoutant 1km à la randonnée, vous trou;Adultes, Familles, Randonneurs, Sportifs
3520;UGOLF Rouen La Forêt Verte;activity;schema:GolfCourse, GolfCourse, PlaceOfInterest, PointOfInterest, SportsAndLeisurePlace;En bordure de forêt, le Golf de Rouen la Forêt Verte vous accueille dans un cadre paisible où amateurs et expérimentés pourront profiter de ce parcours légèrement vallonné de 18 trous, avec 4 obstacles d'eau et plus de 50 bunkers. Situé à proximité... En bordure de forêt, le Golf de Rouen la Forêt V;Adultes, Débutants, Familles
3529;Rouen Tourisme - Point d'information touristique de Jumièges;activity;schema:TouristInformationCenter, LocalTouristOffice, PlaceOfInterest, PointOfInterest, TouristInformationCenter;nan Face à l'Abbaye, le Bureau d'accueil de Jumièges vous renseigne tout au long de l'année. L'équipe du Bureau d'accueil est à votre disposition pour vous accompagner dans la découverte de Jumièges, son abbaye et ses alentours. Le Bureau d'accueil de Jumièges est rattaché à l'Office de Rouen.;Adultes, Familles
3546;Stade Océane;activity;schema:LocalBusiness, schema:StadiumOrArena, PlaceOfInterest, PointOfInterest, SportsAndLeisurePlace, Stadium;Le Stade Océane est une réponse audacieuse et innovante aux enjeux du sport, du divertissement et de la culture. Plus grande enceinte de Normandie avec 25 000 places assises en configuration football, cette arène multifonctions peut accueillir... Le Stade Océane est une réponse audacieuse et innovan;Adultes, Enfants, Familles
3555;La Chappelle Saint-Maurice;activity;olo:OrderedList, PointOfInterest, Tour, WalkingTour;nan nan;Adultes, Familles, Randonneurs
3567;Les Six Frères;activity;olo:OrderedList, PointOfInterest, Tour, WalkingTour;Partez à la rencontre d’une petite commune rurale. Dès le point de départ, vous apprécierez ses richesses touristiques avec l’église Sainte-Marguerite. Vous poursuivrez votre randonnée en lisière de forêt d’Eawy. Partez à la rencontre d’une petite commune rurale. Dès le point de départ, vous appréci;Adultes, Familles, Randonneurs
3576;Le Bois Lambert;activity;olo:OrderedList, PointOfInterest, Tour, WalkingTour;Au travers de cette boucle balisée, vous découvrirez les sources de la Durdent, un petit fleuve seine-marin situé en plein du coeur du Pays de Caux et qui prend ses sources à Héricourt. Vous aurez l'occasion d'admirer un panorama sur la vallée mais aussi un paysage varié de forêt et de plaines. La v;Adultes, Familles, Randonneurs
3602;Club de Loisirs Nautiques Thalassa;activity;schema:LocalBusiness, PlaceOfInterest, PointOfInterest, SightseeingBoat, SportsAndLeisurePlace;Le Club de loisirs Thalassa vous propose des sorties en mer (en matinée, l'après-midi, en soirée, en journée et en week-ends), des croisières en voiliers habitables de plusieurs jours (vers le Cotentin, la Bretagne, les îles Anglo-normandes,... Le Club de loisirs Thalassa vous propose des sorties en;Adultes, Familles
3614;Ecuries Les Essartis;activity;schema:LocalBusiness, EquestrianCenter, PlaceOfInterest, PointOfInterest, SportsAndLeisurePlace;Les Écuries Les Essartis sont implantées sur un domaine aux structures pratiques et de qualité conçues pour le bien-être animal. Cette structure bénéficie d'un environnement privilégié où détente et grand-air se conjuguent au profit de l'équitation... Les Écuries Les Essartis sont implantées sur un ;Adultes, Enfants
3628;Piscine de la Vallée;activity;PlaceOfInterest, PointOfInterest, SportsAndLeisurePlace;Situé dans le cadre exceptionnel de la Vallée de la Durdent, la piscine de la Vallée est un équipement haute qualité environnementale. Sa toiture végétalisée, son dispositif eau chaude sanitaire solaire et de déshumidification thermodynamique en... Situé dans le cadre exceptionnel de la Vallée de la;Adultes, Débutants, Sportifs
3638;Circuit des Vallons;activity;olo:OrderedList, PointOfInterest, Tour, WalkingTour;Cette boucle vous propose de partir à la découverte des sources et du patrimoine religieux local. Cette boucle vous propose de partir à la découverte des sources et du patrimoine religieux local.;Adultes, Familles, Randonneurs
3642;Les Deux Chênes;activity;olo:OrderedList, PointOfInterest, Tour, WalkingTour;Direction la Forêt Domaniale du Trait-Maulévrier, sur le circuit des Deux Chênes. Un parcours idéal pour les familles, à la découverte du célèbre chêne d’Allouville. Au départ de l’Office de Tourisme, ce parcours vous amène tout d’abord au pied de l’arbre millénaire. Vous ne connaissez pas son histo;Adolescents, Adultes, Enfants, Familles, Randonneurs
3645;Planète Bien-être;activity;PlaceOfInterest, PointOfInterest, SportsAndLeisurePlace;Planète Bien-Être, situé en plein cœur de Rouen, vous propose une palette d'activités dans une ambiance familiale correspondant à chacun de vos besoins : salle de musculation, cardio, cours de fitness, gymnastique douce, coaching, baby-gym.... Planète Bien-Être, situé en plein cœur de Rouen, vous pr;Adultes, Familles
3652;Comité Bovary;activity;PlaceOfInterest, PointOfInterest, SportsAndLeisurePlace;Le Comité Bovary, créé en 2017 et dont le siège est installé à la mairie de Ry (76116), a pour mission de mettre en valeur le riche patrimoine littéraire et culturel de la commune autour du roman Madame Bovary de Gustave Flaubert. L’association... Le Comité Bovary, créé en 2017 et dont le siège est ;Adultes, Familles
3654;La balade de Quiberville;activity;olo:OrderedList, PointOfInterest, Tour, WalkingTour;Promenade pour les initiés comme pour les débutants. Découvrez ou redécouvrez ce village par les sentiers et admirez un beau panorama sur la Côte d'Albâtre. Promenade pour les initiés comme pour les débutants. Découvrez ou redécouvrez ce village par les sentiers et admirez un beau panorama sur la Cô;Adultes, Débutants, Familles, Randonneurs
3655;La Hêtraie;activity;olo:OrderedList, PointOfInterest, Tour, WalkingTour;Au départ de l'église de Mont-Rôty, cette randonnée dans le bois du Temple saura éveiller la curiosité des marcheurs avec ses nombreuses richesses. Prenez le temps d'observer l'ancienne commanderie ainsi que le lieu de commémoration de la Rouge-Mare. Arrêtez vous en chemin pour découvrir la faune et;Adultes, Enfants, Familles, Randonneurs
3666;La Varenne et l'Eawy à cheval;activity;olo:OrderedList, HorseTour, PointOfInterest, Tour;Ce parcours d'une demi-journée est idéal pour la promenade à cheval. Vos sens seront mobilisés tout au long du chemin : la vue sera utilisée lors du panorama sur les étangs de pêche de Saint-Germain d'Etables, le goût pourra être contenté par les fruits à cueillir vous même à la Ferme fruitière de B;Adultes, Enfants, Familles
3682;La Plaine de Sonimare;activity;olo:OrderedList, PointOfInterest, Tour, WalkingTour;Balade en pays de Caux entre champs, plaine, mares, petits villages, hameaux et clos-masures. Balade en pays de Caux entre champs, plaine, mares, petits villages, hameaux et clos-masures.;Adultes, Familles, Randonneurs
3692;Le Val au Cesne;activity;olo:OrderedList, PointOfInterest, Tour, WalkingTour;Un circuit agréable de 2h15 à travers bois, champs et vallées dans le Pays de Caux. Un circuit agréable de 2h15 à travers bois, champs et vallées dans le Pays de Caux.;Adultes, Familles, Randonneurs
3693;Boucle de Saint-Wandrille Rançon;activity;olo:OrderedList, CyclingTour, PointOfInterest, Tour;Une promenade très agréable dans la Vallée de la Seine. Entre Abbaye de Fontenelle, espace forestier et ancienne voie romaine, votre parcours vous emmènera sur les traces du patrimoine local. Cette balade commence dans le magnifique petit village de Saint Wandrille Rançon, niché au cœur de la vallée;Adultes, Familles, Randonneurs, Sportifs
3698;De Motteville à Flamanville;activity;olo:OrderedList, PointOfInterest, Tour, WalkingTour;Au cours de cette randonnée, découvrez l’espace Détente auprès de la mare de Motteville : parcours santé, tables de pique-nique, tables de lecture sur le thème de la faune et de la flore… Au cours de cette randonnée, découvrez l’espace Détente auprès de la mare de Motteville : parcours santé, tables;Adultes, Familles, Randonneurs
3703;Édruchon;activity;olo:OrderedList, PointOfInterest, Tour, WalkingTour;nan nan;Adultes, Familles, Randonneurs
3706;Albâtre Kitesurf;activity;PlaceOfInterest, PointOfInterest, SportsAndLeisurePlace;Albâtre Kitesurf vous propose des cours de kitesurf du débutant ou en perfectionnement en cours collectif ou particulier, ainsi que des des initiations au stand up paddle, balade, randonnées en mer et en rivière. Pour les plus petits, Albâtre... Albâtre Kitesurf vous propose des cours de kitesurf du;Adolescents, Adultes, Débutants, Enfants, Familles, Randonneurs
3711;Sur la Rive du Dun à VTT;activity;olo:OrderedList, CyclingTour, PointOfInterest, Tour;nan nan;Adultes, Sportifs
3745;Spa du Donjon - Domaine Saint Clair;activity;PlaceOfInterest, PointOfInterest, SportsAndLeisurePlace;À travers un large choix de soins, massages ou cérémonies pour les femmes, les hommes et même les enfants, le Spa du Donjon vous propose une parenthèse bien-être loin du tourbillon de la vie. Toute l’année, en solo ou en duo, clients de l'hôtel ou... À travers un large choix de soins, massages ou cé;Adultes, Enfants, Familles, Randonneurs
3755;Au fil de l'Eaulne à VTT;activity;olo:OrderedList, CyclingTour, PointOfInterest, Tour;Une randonnée VTT aux points de vue remarquables sur la Vallée de l'Eaulne. Nous vous conseillons cet itinéraire qui va ravir les sportifs et les amoureux de la nature. Avec ses dénivelées de part et d'autre de la rivière, on vous promet une promenade variée et spectaculaire. N'oubliez pas le casque;Adultes, Randonneurs, Sportifs
3758;Le Moulin à vent à VTT;activity;olo:OrderedList, CyclingTour, PointOfInterest, Tour;Le parcours VTT du Moulin à Vent vous amènera à la découverte de curiosités architecturales. Casque sur la tête et bouteille d'eau dans le sac, partez à la recherche des batiments qui jalonnent le circuit. De la Tour Mailly, accolée à l'église au clocher penché de Saint-Léger-au-Bois, point de dépar;Adultes, Familles, Sportifs
3765;Circuit de l'Europe;activity;schema:LocalBusiness, PlaceOfInterest, PointOfInterest, RacingCircuit, SportsAndLeisurePlace;Situé à proximité de l'autoroute A13, le circuit de l'Europe propose des kartings à la location (des séries de 10 minutes à une course de 24h) et une activité paintball. Situé à proximité de l'autoroute A13, le circuit de l'Europe propose des kartings à la location (des séries de 10 minutes à une co;Adolescents, Adultes
3766;Sur les traces de François 1er;activity;olo:OrderedList, HorseTour, PointOfInterest, Tour;Une superbe parcours pour les amoureux de la forêt. Cet itinéraire donne un aperçu du domaine de Brotonne et d'un des plus beaux tronçons de la Route des chaumières du Parc Naturel Régional des Boucles de la Seine Normande, avec en prime de beaux points de vue sur le fleuve.N'hésitez pas à contacter;Adultes, Enfants, Familles
3767;The Roof Le Havre - Maison de l'escalade;activity;ClimbingWall, PlaceOfInterest, PointOfInterest, SportsAndLeisurePlace;Salle d'escalade de bloc, sans cordes ni baudriers, à maximum 4,50 mètres de haut. The Roof propose des cours, des stages ou de la pratique libre. Service de bar et de restauration. Salle d'escalade de bloc, sans cordes ni baudriers, à maximum 4,50 mètres de haut. The Roof propose des cours, des sta;Adolescents, Adultes
3771;Petite boucle VTT de Vatteville-la-Rue;activity;olo:OrderedList, CyclingTour, PointOfInterest, Tour;Au départ de Vatteville-la-Rue, une petite boucle de randonnée pour VTT au sein de la Forêt domaniale de Brotonne est aménagée. Au départ de Vatteville-la-Rue, une petite boucle de randonnée pour VTT au sein de la Forêt domaniale de Brotonne est aménagée.;Adultes, Randonneurs, Sportifs
3780;La Seine par ses bacs;activity;olo:OrderedList, PointOfInterest, RoadTour, Tour;Une route qui vous fera traverser la Seine à moto dans une vallée plein de charme. Une route qui vous fera traverser la Seine à moto dans une vallée plein de charme.;Adultes, Familles
3790;Golf de Yerville;activity;schema:GolfCourse, GolfCourse, PlaceOfInterest, PointOfInterest, SportsAndLeisurePlace;Ouvert à tous, il permet aux débutants de découvrir le golf en toute sérénité, ainsi qu'aux joueurs plus expérimentés de parfaire leur entrainement. Golf de 9 trous avec des parcs 3 et 4, un practice, club house. Golf au parcours relativement plat... Ouvert à tous, il permet aux débutants de découvr;Adultes, Débutants, Familles
3794;Écomusée de la Pomme et du Cidre;activity;ActivityProvider, PlaceOfInterest, PointOfInterest, SportsAndLeisurePlace;Jolie cadre typiquement cauchois avec production de cidre et écomusée de la pomme et du cidre. Visite de l'écomusée, de la cave et des vergers. Vous découvrirez également notre clos-masure chargé d'histoire, avec ses pommiers, son magnifique... Jolie cadre typiquement cauchois avec production de cid;Adultes, Familles
3796;Aire de pique-nique de Bierville;activity;ConvenientService, PicnicArea, PlaceOfInterest, PointOfInterest;Table de pique-nique située derrière l'église, près de la salle polyvalente, à côté de la mare. Table de pique-nique située derrière l'église, près de la salle polyvalente, à côté de la mare.;Adultes, Familles
3806;Centre équestre Le Petit Torcy;activity;schema:LocalBusiness, EquestrianCenter, PlaceOfInterest, PointOfInterest, SportsAndLeisurePlace;Le centre équestre du Petit Torcy est situé au coeur du Pays de Caux. Il s'étend sur une superficie de 6,5 Ha. Moniteur diplômé d'état, proposant des cours et des stages pour tous niveaux, sur poney et cheval, cours et perfectionnement du G1 au G7.... Le centre équestre du Petit Torcy est situé au c;Adultes, Enfants, Familles, Randonneurs
3808;La Chevauchée en Forêt de Lyons;activity;olo:OrderedList, HorseTour, PointOfInterest, Tour;La Chevauchée en Forêt de Lyons est un itinéraire de randonnée équestre qui vous plongera au cœur de l’une des plus grandes hétraies de France. Pendant 35km laissez-vous envoûter par ses charmes et ses richesses. N’oubliez pas que cette randonnée peut s’effectuer dans les deux sens, soit au départ d;Adultes, Enfants, Familles, Randonneurs
3812;Le sentier des Mares;activity;olo:OrderedList, EducationalTrail, PlaceOfInterest, PointOfInterest, SportsAndLeisurePlace, Tour, WalkingTour;Le sentier des mares, accessible à tous, offre une promenade dans un cadre paysager traditionnel. Le sentier des mares, accessible à tous, offre une promenade dans un cadre paysager traditionnel.;Adultes, Enfants, Familles, Groupes scolaires, Randonneurs
3813;Mauquenchy-Roncherolles en Bray;activity;olo:OrderedList, PointOfInterest, Tour, WalkingTour;nan nan;Adultes, Familles, Randonneurs
3816;PR Les Hauts de Caudebec;activity;olo:OrderedList, PointOfInterest, Tour, WalkingTour;Plusieurs panoramas sur la vallée de la Seine à découvrir au cours de la promenade avant de finir par celui qui vous est offert du quartier de la Vignette : Caudebec-en-Caux et son joyau gothique. Plusieurs panoramas sur la vallée de la Seine à découvrir au cours de la promenade avant de finir par c;Adultes, Familles, Randonneurs
3817;Ecurie des Grandes Plaines;activity;PlaceOfInterest, PointOfInterest, SportsAndLeisurePlace;L'écurie des Grandes Plaines vous propose de l'équitation de loisir, en cours et en balade, pour enfant et adulte, en cours particulier ou semi-collectif pour tous niveaux. Prise de rendez-vous obligatoire ! Ambiance familiale et conviviale autour... L'écurie des Grandes Plaines vous propose de l'éq;Adultes, Enfants, Familles, Randonneurs
3850;Le Clos Jacquet;activity;olo:OrderedList, PointOfInterest, Tour, WalkingTour;Chemin faisant, vous voici rue Victor Hugo. A l'Est de cette rue et jusqu'à l'embranchement des rues Jean-Macé et Sauvage s'élevait auparavant une chapelle dite du Clos Jacquet avec sa maladrerie. Autrefois écarté des habitations d'Auffay et privé de toute relation sociale, l'endroit fut choisi par ;Adultes, Familles, Randonneurs
3854;Club Subaquatique Fécampois;activity;PlaceOfInterest, PointOfInterest, SportsAndLeisurePlace, SportsClub;Le Club Subaquatique Fécampois vous propose diverses activités : plongée sous-marine, apnée, photo sous-marine, biologie sous-marine... Baptêmes en piscine, préparation aux niveaux 1,2 et 3 de la FFESSM. Les entraînements ont lieu de septembre à mai... Le Club Subaquatique Fécampois vous propose div;Adultes, Sportifs
3857;La Chapelle du Bout du Vent;activity;olo:OrderedList, PointOfInterest, Tour, WalkingTour;La Chapelledu bout du vent fut construite entre 1727 et 1730. Elle devait permettre aux paroissiens de ne plus traverser la Seine pour se rendre à l'église Saint-Valentin de Jumièges. Elle tient son nom du fait qu'à cet endroit, les vents changent de positions, rendant la navigation difficile. La Ch;Adultes, Familles, Randonneurs
3865;Gratte-Panche à VTT;activity;olo:OrderedList, CyclingTour, PointOfInterest, Tour;Cette boucle emprunte les sentiers des deux versants de la Vallée. Présence d'un moulin à eau à Sept-Meules, celui-ci faisait partie des sept moulins qui ont donné son nom au village. À Cuverville-sur-Yères, ruines d'un château du XIIIe siècle, dont il ne reste que la porte. La maison située à côté ;Adultes, Sportifs
3872;L'Etincelle, Théâtre(s) de la Ville de Rouen;activity;PlaceOfInterest, PointOfInterest, SportsAndLeisurePlace, Theater;L’Étincelle, Théâtre(s) de la Ville de Rouen offre une programmation pluridisciplinaire : les spectacles de musiques du monde, de jazz, de théâtre, de danse et les rendez-vous pour le jeune public rythment la saison. L’émergence, la mise en lumière... L’Étincelle, Théâtre(s) de la Ville de Rouen off;Adultes, Familles
3879;Creppeville à Vaudreville;activity;olo:OrderedList, PointOfInterest, Tour, WalkingTour;Partez pour deux bonnes heures de randonnée en partant du fond de la Vallée de la Scie jusqu'au plateau du Pays de Caux. Ce circuit mêle à la fois balade bucolique et effort sportif ! Partez pour deux bonnes heures de randonnée en partant du fond de la Vallée de la Scie jusqu'au plateau du Pays de C;Adultes, Familles, Randonneurs, Sportifs
3881;Aire de pique-nique d'Elbeuf-sur-Andelle;activity;ConvenientService, PicnicArea, PlaceOfInterest, PointOfInterest;Plusieurs tables de pique-nique en bord de la rivière de l'Andelle. Plusieurs tables de pique-nique en bord de la rivière de l'Andelle.;Adultes, Familles
3889;Piscine André Martin;activity;schema:LocalBusiness, PlaceOfInterest, PointOfInterest, SportsAndLeisurePlace, SwimmingPool;Pour profiter en famille ou entre amis des bassins ludiques, pour garder la forme, pour vous réconcilier avec l’eau, pour votre bien-être ou juste pour le plaisir… Il y a toujours une bonne raison de venir à la piscine ! La piscine a été entièrement... Pour profiter en famille ou entre amis des bass;Adultes, Enfants, Familles
3895;Promenade au Pays d'Emma Bovary;activity;olo:OrderedList, PointOfInterest, RoadTour, Tour;Venez, vous promener au Pays d'Emma Bovary et ainsi découvrir les sites et paysages qui auraient servi de cadre au célèbre roman de Gustave Flaubert. Parcourez les villages et partez à la recherche des différents panneaux d'informations implantés sur les sites en lien avec l’œuvre de Madame Bovary. ;Adultes, Familles
3899;Les randos de Pierrot;activity;PlaceOfInterest, PointOfInterest, SportsAndLeisurePlace;Les Randos de Pierrot vous propose un concept novateur de randonnée motorisée, sans émission de CO2 et sans bruit, en immersion avec la nature luxuriante du Pays de Caux. A partir de 12 ans, en famille ou entre amis, vous apprendrez à piloter une... Les Randos de Pierrot vous propose un concept nova;Adultes, Familles, Randonneurs
3907;Etocquigny à VTT;activity;olo:OrderedList, CyclingTour, PointOfInterest, Tour;Cet itinéraire balisé vous permettra de découvrir les charmes de la vallée de l'Yères. Au point de départ, vous pourrez admirer l'Eglise de Saint-Martin-le-Gaillard avec son clocher en forme de hache. Après avoir traversé le bois domanial de Saint-Martin, vous emprunterez le Chemin Vert du Petit Cau;Adultes, Familles, Sportifs
3915;Domaine de Merval;activity;PlaceOfInterest, PointOfInterest, SportsAndLeisurePlace, TeachingFarm;Domaine exceptionnel de 120ha, où sont produits Calvados AOC, Pommeau de Normandie AOC, cidre, jus de pommes, fromage de Neufchâtel AOP bio Domaine exceptionnel de 120ha, où sont produits Calvados AOC, Pommeau de Normandie AOC, cidre, jus de pommes, fromage de Neufchâtel AOP bio;Enfants, Familles, Groupes scolaires
3918;Linda Lenormand Réflexologie;activity;PlaceOfInterest, PointOfInterest, SportsAndLeisurePlace;Linda est réflexologue et praticienne en massage traditionnel chinois certifiée de l'École Normandie Réflexologie et de l'École Shen Paris. La réflexologie plantaire est une technique manuelle de digito pression sur des zones spécifiques des pieds... Linda est réflexologue et praticienne en massage ;Adultes
3924;Patrimoine de la Vallée du Dun à cheval;activity;olo:OrderedList, HorseTour, PointOfInterest, Tour;Au cœur du Pays de Caux, la Chapelle-sur-Dun et son église sont le point de départ de cette randonnée de 7,8km qui plaira aux petits comme aux grands. Laissez-vous séduire par les paysages champêtres et le patrimoine rural que vous fera découvrir ce circuit. Alors on grimpe sur le dos de son cheval,;Adultes, Enfants, Familles, Randonneurs
3925;Le Volcan, Scène nationale du Havre;activity;PlaceOfInterest, PointOfInterest, SportsAndLeisurePlace, Theater;Monument à l’architecture unique, Le Volcan est l’œuvre de l’architecte brésilien Oscar Niemeyer. Il est un des symboles de la reconstruction havraise. Réhabilité en 2015, il abrite aujourd’hui la Scène nationale du Havre : lieu de diffusion et de... Monument à l’architecture unique, Le Volcan est l;Adultes, Familles, PMR
3930;Vertigo;activity;PlaceOfInterest, PointOfInterest, SportsAndLeisurePlace;Des racines à la cime, explorez vos arbres préférés de 7 à 77 ans ! La grimpe d'arbres est une activité ludique et sportive de pleine nature qui, avec des techniques sécurisées et adaptées du métier d’arboriste, vous propose de vous hissez le long... Des racines à la cime, explorez vos arbres préfér;Adultes, Enfants, Familles
3932;Circuit La Coudrette;activity;olo:OrderedList, PointOfInterest, Tour, WalkingTour;Direction Houpeville pour une randonnée 2 en 1 ! Deux circuits qui composent une boucle d’environ 2h30, au cœur d’une magnifique hêtraie. Ce parcours traverse la Forêt Domaniale Verte, qui forme avec les forêts de la Londe-Rouveray et de Roumare, un véritable poumon vert au cœur des boucles de la Se;Adultes, Familles, Randonneurs
3934;Parcours accrobranche indoor - Art'Sport Café;activity;PlaceOfInterest, PointOfInterest, SportsAndLeisurePlace;Art's Sport Café vous propose un parcours accrobranche indoor en hauteur, de 6 à 10m avec différents niveaux de progression en toute sécurité : 21 ateliers différents (pont de singe, plateaux suspendus, rondins, mur d'escalade, filets horizontaux et... Art's Sport Café vous propose un parcours accro;Adolescents, Adultes, Enfants, Familles
3944;Le Vert Buisson à VTT;activity;olo:OrderedList, CyclingTour, PointOfInterest, Tour;Au départ de Rocquefort, ce parcours offre un véritable bain de nature entre les côteaux boisés, le fond du vallon du Vert Buisson et les espaces cultivés du plateau cauchois. Le patrimoine local est aussi présent sur votre parcours (fermes, églises, château et maisons normandes) qui suit le même ch;Adultes, Enfants, Familles, Sportifs
3958;Golf Club de Rouen - Mont-Saint-Aignan;activity;PlaceOfInterest, PointOfInterest, SportsAndLeisurePlace;Un parcours exceptionnel accessible à tous ! Le Golf de Rouen - Mont-Saint-Aignan vous accueille dans un cadre unique où vous (re)découvrirez les joies du golf à partager entre amis ! Constitué de 18 trous sur un ensemble de 5560 mètres, vous... Un parcours exceptionnel accessible à tous ! Le Golf d;Adultes, Familles
3978;Cours individuel de golf;activity;schema:GolfCourse, ActivityProvider, GolfCourse, PlaceOfInterest, PointOfInterest, SportsAndLeisurePlace;Les cours individuels sont proposés toute l'année sur réservation. Les quelques informations importantes : Inscriptions obligatoires / 1h de cours / Les seaux de balles sont compris dans les séances Possibilité de profiter en duo : cours... Les cours individuels sont proposés toute l'année sur réser;Adultes
3983;Mini-golf de Rives-en-Seine;activity;MiniGolf, PlaceOfInterest, PointOfInterest, SportsAndLeisurePlace;Le golf miniature de Rives-en-Seine est idéalement situé en bord de fleuve, dans un cadre végétalisé sur le quai Guilbaud. Les 9 trous proposés font évoluer les joueurs sur le thème de la Seine : la balle passe sur le Pont de Brotonne ou sur un bac... Le golf miniature de Rives-en-Seine est idéaleme;Adultes, Enfants, Familles
3997;Le Labyrinthe des Falaises;activity;schema:AmusementPark, PlaceOfInterest, PointOfInterest, SportsAndLeisurePlace, ThemePark;Partez à l’aventure dans nos différents parcours de labyrinthes adaptés à chacun pour résoudre nos énigmes. Profitez d’une pause pour pique-niquer et vous évader avec nos différentes activités (structures gonflables, karts à pédales, jeux en bois et... Partez à l’aventure dans nos différents parcour;Adultes, Enfants, Familles
4005;Gare du Havre;activity;schema:TrainStation, PlaceOfInterest, PointOfInterest, TrainStation, Transport;nan nan;Adultes, Familles
4013;Le Puits Merveilleux;activity;olo:OrderedList, PointOfInterest, Tour, WalkingTour;Le long de votre balade vous croiserez une bien étrange ouverture : le puits merveilleux. En continuant votre chemin, vous aurez l’occassion de passer en lisière du camp souverain, lieu déjà occupé sous l’antiquité Le long de votre balade vous croiserez une bien étrange ouverture : le puits merveill;Adultes, Familles, Randonneurs
4014;Le Vert Buisson;activity;olo:OrderedList, PointOfInterest, Tour, WalkingTour;Au départ de Rocquefort, ce parcours offre un véritable bain de nature entre les côteaux boisés, le fond du vallon du Vert Buisson et les espaces cultivés du plateau cauchois. Le patrimoine local est aussi présent sur votre parcours (fermes, églises, château et maisons normandes) qui suit le même ch;Adultes, Enfants, Familles, Randonneurs
4022;Arbr'en Ciel Rouen / Préaux;activity;PlaceOfInterest, PointOfInterest, SportsAndLeisurePlace;"Situé à 15 minutes de Rouen, dans un magnifique espace forestier, le parc Arbr' en Ciel ""multi-activités"" vous accueille sur ses 11 parcours « accrobranche » sécurisés par une ligne de vie continue. Plus de 140 jeux accessibles à toute la famille... Situé à 15 minutes de Rouen, dans un magnifique es";Adolescents, Adultes, Enfants, Familles
4024;Les Terres de l’Abbaye;activity;olo:OrderedList, PointOfInterest, Tour, WalkingTour;Au programme de cette balade, découvrez les richesses du Pays de Caux : château, abbaye et ancien relai de poste… Au programme de cette balade, découvrez les richesses du Pays de Caux : château, abbaye et ancien relai de poste…;Adultes, Familles, Randonneurs
4045;Gare de Eu;activity;schema:TrainStation, PlaceOfInterest, PointOfInterest, TrainStation, Transport;nan nan;Adultes, Familles
4046;Le Bois des Loges;activity;olo:OrderedList, PointOfInterest, Tour, WalkingTour;Découverte au Pays de Caux au départ du train touristique qui permet de relier Etretat. Découverte au Pays de Caux au départ du train touristique qui permet de relier Etretat.;Adultes, Familles, Randonneurs
4053;Le bois des écluses;activity;olo:OrderedList, EducationalTrail, PlaceOfInterest, PointOfInterest, SportsAndLeisurePlace, Tour, WalkingTour;Une balade qui vous fera partir à la rencontre de l'histoire du Canal de Tancarville.Au début du parcours, partez à la découverte des écluses qui permettaient autrefois de garantir une bonne navigation fluviale. Aujourd'hui encore elle sont utilisées pour le passage des bateaux.Puis continuez votre ;Adultes, Enfants, Familles, Groupes scolaires, Randonneurs
4068;Mont Madame à VTT;activity;olo:OrderedList, CyclingTour, PointOfInterest, Tour;Cette boucle VTT vous guidera à travers la Forêt d'Eu grâce à ses poteaux indicateurs. Ceux-ci présentent la particularité d'être en fonte, ce qui les rend unique en France !Vous vous trouverez à proximité du Château de la Grande Vallée et la Chapelle Dubos, alors ne les manquez pas, allez y jeter u;Adultes, Sportifs
4069;Patrimoine de la Vallée du Dun à VTT;activity;olo:OrderedList, CyclingTour, PointOfInterest, Tour;Au cœur du Pays de Caux, la Chapelle-sur-Dun et son église sont le point de départ de cette randonnée de 7,8km qui plaira aux petits comme aux grands. Laissez-vous séduire par les paysages champêtres et le patrimoine rural que vous fera découvrir ce circuit. Alors on chausse les chaussures de rando,;Adultes, Randonneurs, Sportifs
4082;Association gîte du Valnaye - Canoë kayak;activity;schema:Product, PlaceOfInterest, PointOfInterest, Practice, Product, SportsAndLeisurePlace;Descendez l'Austreberthe en groupe en canoë-kayak du Paulu (Saint-Pierre-de-Varengeville) à Duclair sur un parcours touristique d'une durée de 2h30. Ce parcours de découverte et de détente fait 14 km. Il comporte 3 chutes et plusieurs petits seuils... Descendez l'Austreberthe en groupe en canoë-kaya;Adultes, Familles
4086;Entre Seine et mer à vélo;activity;olo:OrderedList, CyclingTour, PointOfInterest, Tour;Relier à vélo la Côte d'Albâtre à la Vallée de Seine en traversant les plateaux du Pays de Caux. Relier à vélo la Côte d'Albâtre à la Vallée de Seine en traversant les plateaux du Pays de Caux.;Adultes, Sportifs
4095;Le Tankiste So Char Away;activity;PlaceOfInterest, PointOfInterest, SportsAndLeisurePlace;Conduite de tank et balade en tank sur un terrain privé à Vatteville-la-Rue en Normandie. Conduite de tank et balade en tank sur un terrain privé à Vatteville-la-Rue en Normandie.;Adultes, Familles, Randonneurs
4107;Pass Tourisme Le Havre-Etretat;activity;PlaceOfInterest, PointOfInterest, SportsAndLeisurePlace;Profitez de réductions exceptionnelles sur les principales attractions, musées, et activités de la région. Avec notre pass, vivez une expérience inoubliable en Normandie tout en faisant des économies. Que ce soit le temps d’un week-end, d’un pont... Profitez de réductions exceptionnelles sur les pri;Adultes, Familles
4110;Base de loisirs du Lac de Caniel;activity;PlaceOfInterest, PointOfInterest, SportsAndLeisurePlace;Dans le cadre exceptionnel de la Vallée de la Durdent, base de loisirs aux multiples activités : ski nautique, pédal'eau, canoë-kayak, stand up paddle simple, stand up paddle XXL, luge d'été, village gonflable et aquapark du 01 juillet au 31 août .... Dans le cadre exceptionnel de la Vallée de la Du;Adolescents, Adultes, Enfants, Familles
4115;Le Val Saint-Etienne;activity;olo:OrderedList, PointOfInterest, Tour, WalkingTour;Après une visite au Musée du Cidre et des Métiers Traditionnels, repartez à la découverte du Val SaintEtienne qui vous mènera vers de remarquables richesses notamment la chapelle Saint-Etienne et sa source. Sur le chemin du retour, vous passerez à proximité du Golf de Saint-Saëns. Après une visite a;Adultes, Familles, Randonneurs
4133;Les Orchidées à cheval;activity;olo:OrderedList, HorseTour, PointOfInterest, Tour;"Itinéraire entre plaines, côtes calcaires et vallons. Vous descendrez vers un minuscule ruisseau appelé ""La Grippe"" et pourrez voir des orchidées sauvages selon la saison. Itinéraire entre plaines, côtes calcaires et vallons. Vous descendrez vers un minuscule ruisseau appelé ""La Grippe"" et pourrez v";Adultes, Enfants
4137;Du Chemin Vert au Chemin de Fer à VTT;activity;olo:OrderedList, CyclingTour, PointOfInterest, Tour;Une sortie VTT entre Brachy et Luneray, à la découverte du passé ferroviaire du Terroir de Caux, pour ravir les amoureux du vélo. Sur une demi-journée, parcourez la Vallée de la Saâne, casque sur la tête, bouteille d'eau et encas dans le sac, sans oublier la tenue adaptée en cas de mauvais temps. Et;Adultes, Sportifs
4141;Aire de pique-nique du hameau d'Augeville;activity;ConvenientService, PicnicArea, PlaceOfInterest, PointOfInterest;L'aire est située à côté de la chapelle L'aire est située à côté de la chapelle;Adultes, Familles
4157;Association Piân’Piâne;activity;PlaceOfInterest, PointOfInterest, SportsAndLeisurePlace, TeachingFarm;Venez découvrir l'association Piân'Piâne ! Installée au coeur d'une ancienne ferme maraîchère, son site de plus de 3 hectares héberge des moutons, des chèvres, des cochons, des lapins, des volailles et des ânes. Il dispose également d'un jardin... Venez découvrir l'association Piân'Piâne ! Installée;Enfants, Familles, Groupes scolaires
4164;Balad'Et Vous Normandie;activity;PlaceOfInterest, PointOfInterest, SportsAndLeisurePlace;Balad'Et Vous propose de la location de 2CV en Normandie sans chauffeur pour découvrir la Côte d'Albâtre entre Dieppe et Veules-les-Roses. Au volant de notre deudeuche, vous serez guidé par notre Road-Book. Tout au long de votre itinéraire, nous... Balad'Et Vous propose de la location de 2CV en Norm;Adultes, Familles
4171;Battle Archerie des 2 Falaises;activity;PlaceOfInterest, PointOfInterest, SportsAndLeisurePlace;"C'est quoi ""Battle Archerie"" ? Activité à mi-chemin entre tir à l'arc et paintball, la ""Battle Archerie"" se pratique en équipe. Deux équipes s'affrontent pour être la première à faire tomber les cibles de l'adversaire, ou tout simplement éliminer... C'est quoi ""Battle Archerie"" ? Activité à mi-chemi";Adolescents, Adultes
4192;Les Hamouhoques à VTT;activity;olo:OrderedList, CyclingTour, PointOfInterest, Tour;Sur le plateau cauchois, à vous les grands espaces et le joli patrimoine des villages et hameaux. Sur le plateau cauchois, à vous les grands espaces et le joli patrimoine des villages et hameaux.;Adultes, Sportifs
4196;Circuit de l'Epte;activity;olo:OrderedList, CyclingTour, PointOfInterest, Tour;Ce circuit de 43 km vous fera découvrir le patrimoine rurale du Pays de Bray. Petites églises, lavoir, chapelle, presbytère, Château ... de belles découvertes à vélo au programme en plein coeur de la Normandie ! Ce circuit de 43 km vous fera découvrir le patrimoine rurale du Pays de Bray. Petites ég;Adultes, Sportifs
4201;Wolftrott;activity;schema:LocalBusiness, ActivityProvider, LeisureSportActivityProvider, PlaceOfInterest, PointOfInterest, SportsAndLeisurePlace, TastingProvider;Randonnée nature accompagnée en trottinette électrique tout terrain à Quiberville-sur-Mer Partez à l’aventure sur la Côte d’Albâtre, entre falaises, campagne normande et bord de mer, lors d’une randonnée accompagnée en trottinette électrique tout... Randonnée nature accompagnée en trottinette électr;Adultes, Familles, PMR, Randonneurs
4211;Mathilde Lagesse;activity;PlaceOfInterest, PointOfInterest, SportsAndLeisurePlace;Naturopathie, réflexologie, massages et Yoga : une approche unique et adaptée du bien-être. Grâce à la diversité des outils et techniques que Mathilde utilise, elle vous accompagne vers votre mieux-être global. En adaptant les conseils et les... Naturopathie, réflexologie, massages et Yoga : une app;Adultes
4216;La Vallée du Tôt à VTT;activity;olo:OrderedList, CyclingTour, PointOfInterest, Tour;Entre plaine et forêt, vous serez à l'extrémité du Pays de Bray. Faites un détour à la Chapelle funéraire néo-byzantine de 1868 nichée au milieu des bois. Entre plaine et forêt, vous serez à l'extrémité du Pays de Bray. Faites un détour à la Chapelle funéraire néo-byzantine de 1868 nichée au milieu ;Adultes, Sportifs
4219;Port de Plaisance;activity;Marina, PlaceOfInterest, PointOfInterest, SportsAndLeisurePlace;Le port de plaisance, situé au cœur de la ville historique, est accessible à toutes heures, sans contrainte de marée pour les visiteurs (69 places). A 2 heures de Paris et 5 minutes de la gare SNCF et du Transmanche Ferry pour la ligne... Le port de plaisance, situé au cœur de la ville historique, e;Adultes, Familles
4237;Aéroclub d'Eu-Le Tréport-Mers;activity;PlaceOfInterest, PointOfInterest, SportsAndLeisurePlace;L' aéro-club d'Eu vous propose des baptêmes de l'air en avion ou en ULM (survol d'Eu, Mers Les Bains, Le Tréport), promenade aérienne en Baie de Somme. École de pilotage agréée avion et ULM multiaxes. Formation des jeunes au BIA L'aéro-club Eu -... L' aéro-club d'Eu vous propose des baptêmes de l'ai;Adultes
4242;Le Jardin du Roi de Rome;activity;olo:OrderedList, PointOfInterest, Tour, WalkingTour;Cette boucle au départ des Ventes-Saint-Rémy vous fera traverser la forêt d’Eawy, massif forestier en partie classé en zone Natura 2000. A votre retour, prenez le temps de flâner dans le Jardin du Roi de Rome. Cette boucle au départ des Ventes-Saint-Rémy vous fera traverser la forêt d’Eawy, massif f;Adultes, Familles, Randonneurs
4247;Sur les pas de Bourvil à VTT;activity;olo:OrderedList, CyclingTour, PointOfInterest, Tour;Le célèbre artiste Bourvil a grandi dans ces paysages et villages cauchois. Le célèbre artiste Bourvil a grandi dans ces paysages et villages cauchois.;Adultes, Sportifs
4249;Ecuries de Jaléhone;activity;schema:LocalBusiness, EquestrianCenter, PlaceOfInterest, PointOfInterest, SportsAndLeisurePlace;L'association Jaléhone regroupe des cavaliers propriétaires et non propriétaires désireux de progresser en dressage et hunter dans une ambiance conviviale et chaleureuse sur une cavalerie de concours Club et Amateur. L'association Jaléhone regroupe des cavaliers propriétaires et non propriétaires dé;Adultes, Enfants
4264;Piscine Communautaire Plein Ciel;activity;schema:LocalBusiness, PlaceOfInterest, PointOfInterest, SportsAndLeisurePlace, SwimmingPool;Située au coeur du Pays de Caux, la piscine Communautaire Plein Ciel à Goderville est équipée d'un bassin de 25 m avec éclairage nocturne. Elle vous propose de nombreuses activités : cours d'aquagym, aquabike, cours de natation pour enfants et... Située au coeur du Pays de Caux, la piscine Communaut;Adultes, Enfants, Familles
4266;Promenade au Pays d'Emma Bovary à vélo;activity;olo:OrderedList, CyclingTour, PointOfInterest, Tour;Partez pour une balade sportive à vélo au Pays d'Emma Bovary et ainsi découvrir les sites et paysages qui auraient servi de cadre au célèbre roman de Gustave Flaubert. Parcourez les villages et partez à la recherche des différents panneaux d'informations implantés sur les sites en lien avec l’œuvre ;Adultes, Familles, Randonneurs, Sportifs
4278;Gaillefontaine Château;activity;olo:OrderedList, PointOfInterest, Tour, WalkingTour;Cette petite boucle vous permettra de découvrir le patrimoine de Gaillefontaine au riche passé historique : ruelles anciennes, halle XIXème et château du XIXème en style néo-gothique. Cette petite boucle vous permettra de découvrir le patrimoine de Gaillefontaine au riche passé historique : ruelles ;Adultes, Familles, Randonneurs
4283;Gare de Sommery;activity;schema:TrainStation, PlaceOfInterest, PointOfInterest, TrainStation, Transport;nan nan;Adultes, Familles
4291;Boucle de Beuzeville-la-Grenier;activity;olo:OrderedList, CyclingTour, PointOfInterest, Tour;Une randonnée agréable qui vous emmène à vélo de Beuzeville-la-Grenier à Nointot. Rien de tel pour s’emplir les poumons du bon air de la campagne et découvrir ou redécouvrir le charme de la campagne normande! Une randonnée agréable qui vous emmène à vélo de Beuzeville-la-Grenier à Nointot. Rien de t;Adultes, Randonneurs, Sportifs
4292;Bodega&Co Croisière;activity;schema:LocalBusiness, PlaceOfInterest, PointOfInterest, SightseeingBoat, SportsAndLeisurePlace;- Déjeuner et dîner Croisière : Toute l’année embarquez pour des destinations typiquement normandes. Au fil de la Seine, découvrez des paysages bucoliques et des monuments retraçant l’histoire de la Normandie. Émerveillez vos yeux et vos papilles à... - Déjeuner et dîner Croisière : Toute l’année em;Adultes, Familles, PMR
4293;Circuit du Chêne;activity;olo:OrderedList, CyclingTour, PointOfInterest, Tour;Connaissez-vous l'un des plus vieux arbres de France ? Découvrez tout ses secrets en parcourant cette boucle à la découverte du chêne d'Allouville-Bellefosse, curiosité locale. Situé au cœur de la campagne du Pays de Caux, découvrez également les clos-masures, ces fermes typiques de la région. Conna;Adultes, Enfants, Familles, Sportifs
4296;Office de Tourisme Dieppe-Normandie;activity;schema:TouristInformationCenter, LocalTouristOffice, PlaceOfInterest, PointOfInterest, TouristInformationCenter;nan Bienvenue à l’Office de Tourisme Dieppe-Normandie ! ? Ouvert toute l’année, notre équipe vous accueille avec le sourire pour vous aider à profiter pleinement de votre séjour. Au programme : ??Des visites guidées de Dieppe et des communes alentour, pour percer tous les secrets du territoire. ??De;Adultes, Enfants, Familles, PMR, Randonneurs
4309;Des Glycines à la Porte Noire à VTT;activity;olo:OrderedList, CyclingTour, PointOfInterest, Tour;Avis aux sportifs, si vous êtes à la recherche d'un mélange entre effort physique et sortie nature, alors vous êtes au bon endroit. Pour ce parcours, il vous faudra un casque et un sac à dos avec une bouteille d'eau, une tenue chaude, un encas et un petit kit de réparation, (en cas de problème). Il ;Adultes, Enfants, Familles, Sportifs
4311;Gare de Foucart-Alvimare;activity;schema:TrainStation, PlaceOfInterest, PointOfInterest, TrainStation, Transport;nan nan;Adultes, Familles
4312;Point Plage de la Côte d'Albâtre;activity;PlaceOfInterest, PointOfInterest, SportsAndLeisurePlace;En voile légère vous naviguez au contact des éléments. Offrez-vous de belles sensations de glisse sur catamaran ou planche à voile. Ouvert tous les jours en période estivale, que vous soyez débutant ou confirmé, le Point Plage de la Côte d'Albâtre... En voile légère vous naviguez au contact des élém;Adultes, Débutants, Familles
4335;Le Grand Tour du Trait;activity;olo:OrderedList, PointOfInterest, Tour, WalkingTour;Cette boucle débute aux confins de Duclair à la maison forestière de la Haye d'Yainville. Au cœur de la forêt du Trait-Maulévrier, vous passerez près de la mare Catelière avant d'atteindre la Haye des Perques, ancienne maison forestière où vous pourrez admirer un pin remarquable. Cette boucle débute;Adultes, Familles, Randonneurs
4336;Poney-club de Bois-Guilbert;activity;schema:LocalBusiness, EquestrianCenter, PlaceOfInterest, PointOfInterest, SportsAndLeisurePlace;Le lieu idéal pour vivre sa passion et s'initier à l'équitation en famille ou entre amis. La ferme équestre de Bois-Guilbert ne compte pas moins de 200 poneys et chevaux islandais ! Dans un cadre de verdure dans 100 hectares de bois, cultures et de... Le lieu idéal pour vivre sa passion et s'initier;Adolescents, Adultes, Débutants, Enfants, Familles, Groupes, Randonneurs
4341;Circuit Pimont;activity;olo:OrderedList, PointOfInterest, Tour, WalkingTour;Au départ de l'Avenue Verte London-Paris dans l'arrière-pays dieppois partez à la découverte à pied de Dampierre-Saint-Nicolas et ses environs. Au départ de l'Avenue Verte London-Paris dans l'arrière-pays dieppois partez à la découverte à pied de Dampierre-Saint-Nicolas et ses environs.;Adultes, Familles, Randonneurs
4342;Le Kindarena;activity;PlaceOfInterest, PointOfInterest, SportsAndLeisurePlace, SportsHall;Depuis son ouverture, le Kindarena a su se faire une place sur la scène sportive nationale et internationale. C'est une salle modulable qui s'adapte à toutes les configurations (coupe Davis, Équipe de France de volley-ball, Basket ball, Handball, et... Depuis son ouverture, le Kindarena a su se fair;Adultes, Familles, Groupes, Sportifs
4346;Aire de pique-nique de Sainte-Croix-sur-Buchy;activity;ConvenientService, PicnicArea, PlaceOfInterest, PointOfInterest;Tables de pique-nique situées dans le centre du village, à proximité de la mairie Tables de pique-nique situées dans le centre du village, à proximité de la mairie;Adultes, Familles
4357;Piscine - Patinoire l'Oasis;activity;PlaceOfInterest, PointOfInterest, SportsAndLeisurePlace;A Cléon, un complexe unique de loisirs vous accueille : Piscine, patinoire, espace dédié à la remise en forme et un espace bien-être avec sauna et hammam ! Vous trouverez à la piscine de l'Oasis de nombreuses activités pour tous : un bassin de 25... A Cléon, un complexe unique de loisirs vous accuei;Adultes, Enfants, Familles
4367;Woody Park - Parc de loisirs;activity;PlaceOfInterest, PointOfInterest, SportsAndLeisurePlace;Le parc propose des activités pour tous les âges. Au Woody Park, vous allez retrouver de l’accrobranche (7 parcours), du Paintball pour enfant, adolescent et adulte, des Olympiades (Combat de Sumo, Combat de Joutes, Cible Géante, Bodybulle et... Le parc propose des activités pour tous les âges. Au W;Adolescents, Adultes, Enfants, Familles
4375;Piscine Le Grand-Quevilly;activity;schema:LocalBusiness, PlaceOfInterest, PointOfInterest, SportsAndLeisurePlace, SwimmingPool;Le centre nautique propose de nombreuses activités pour tous les amateurs de sports aquatiques. En bordure du Chêne à Leu, le centre nautique se compose d’un bassin de 25 mètres comportant 6 couloirs permettant l’apprentissage et le perfectionnement... Le centre nautique propose de nombreuses activi;Adultes, Enfants, Familles
4379;L'escalier de Sotteville;activity;olo:OrderedList, PointOfInterest, Tour, WalkingTour;Cette boucle de randonnée prend son départ dans la commune de Sotteville-sur-Mer, située sur la Côte d’Albâtre. Entre chemins de forrières et paysages typiques du Pays de Caux, vous apprécierez un superbe panorama sur la côte et ses falaises de craie, du haut du fameux escalier de 231 marches. Acces;Adultes, Familles, Randonneurs
4384;Le Beau Chêne;activity;olo:OrderedList, PointOfInterest, Tour, WalkingTour;nan nan;Adultes, Familles, Randonneurs
4389;Au pays du Lin;activity;olo:OrderedList, CyclingTour, PointOfInterest, Tour;Avec ses terres fertiles, son climat doux et humide, et le savoir-faire de ses agriculteurs, le Pays de Caux est aujourd’hui la première région productrice de lin fibre en Europe. Partez à vélo à la découverte de ce paysage unique, façonné par des siècles de culture du lin. En sillonnant les petites;Adultes, Sportifs
4394;Gare de Montivilliers;activity;schema:TrainStation, PlaceOfInterest, PointOfInterest, TrainStation, Transport;nan nan;Adultes, Familles
4396;Le Chemin de la Saâne à VTT;activity;olo:OrderedList, CyclingTour, PointOfInterest, Tour;Une envie de rando VTT en bord de mer ? Ce parcours vous comblera avec sa remontée de la Saâne, petit fleuve de la Côte d'Albâtre. Après avoir longé le front de mer de Quiberville, quittez le littoral pour découvrir l'arrière pays et ses vallées. Le long de la Saâne jusqu’à la commune de Longueil no;Adultes, Familles, Randonneurs, Sportifs
4399;Sur le chemin de l'école;activity;olo:OrderedList, PointOfInterest, Tour, WalkingTour;Au cours de cette boucle de randonnée, vous pourrez y admirer de charmants villages typiques du Pays de Caux dont Gonzeville, réputé pour son patrimoine bâti et naturel et son école d'autrefois. Chaque localité a conservé son patrimoine qu'il soit religieux, naturel ou domestique. Enfin, les vastes ;Adultes, Familles, Randonneurs
4419;Office de Tourisme de Forges-les-Eaux;activity;schema:TouristInformationCenter, LocalTouristOffice, PlaceOfInterest, PointOfInterest, TouristInformationCenter;nan Situé dans le centre-ville de Forges-les-Eaux, l'Office de Tourisme vous accueille tout au long de l'année. l'Office de Tourisme de Forges-les-Eaux est labellisé Famille Plus et Tourisme et Handicap. Forges-les-Eaux, Station Classée de Tourisme est également Plus Beaux Détours de France et Stati;Adultes, Familles, PMR
4423;Aire de pique-nique de Servaville-Salmonville;activity;ConvenientService, PicnicArea, PlaceOfInterest, PointOfInterest;4 tables de pique-nique situées dans un grand parc avec une aire de jeux pour les enfants 4 tables de pique-nique situées dans un grand parc avec une aire de jeux pour les enfants;Adultes, Enfants, Familles
4434;Ferme du Tipi, écuries du Bois d'Harcourt;activity;PlaceOfInterest, PointOfInterest, SportsAndLeisurePlace;Visites de groupes, accueil à la journée équitation nature, goûter d'anniversaire, enterrements de vie de jeune fille. Visites de groupes, accueil à la journée équitation nature, goûter d'anniversaire, enterrements de vie de jeune fille.;Adultes, Enfants, Familles, Groupes
4456;[Fermé] Casino Joa d'Étretat;activity;schema:Casino, Casino, PlaceOfInterest, PointOfInterest, SportsAndLeisurePlace;Situé en bord de mer face aux célèbres falaises, le casino d'Étretat est implanté au cœur de la station balnéaire. Vous y trouverez un large choix de jeux : machines à sous, boule, black-jack...Le restaurant du casino saura vous séduire par la... Situé en bord de mer face aux célèbres falaises, le c;Adultes
4460;La Pougaraise;activity;olo:OrderedList, PointOfInterest, Tour, WalkingTour;Ce parcours de randonnée, destiné au sportif vous entraînera sur les traces du patrimoine historique de la Région, en particulier un des mystérieux clochers tors de France, qui fascine encore quant à son origine. Ce parcours de randonnée, destiné au sportif vous entraînera sur les traces du patrimoi;Adultes, Familles, Randonneurs, Sportifs
4466;La Varenne et l'Eawy à VTT;activity;olo:OrderedList, CyclingTour, PointOfInterest, Tour;Casque sur le tête, sac à dos avec bouteille et encas et vous voici fin prêt à vous lancer sur ce parcours qui fera appel à plusieurs de vos sens : la vue sera utilisée lors du panorama sur les étangs de pêche de Saint-Germain d'Etables, le goût pourra être contenté par les fruits à cueillir vous mê;Adultes, Enfants, Familles, Sportifs
4473;Théâtre Le Rayon Vert, scène conventionnée;activity;PlaceOfInterest, PointOfInterest, SportsAndLeisurePlace;Le Rayon Vert appartient au réseau des scènes conventionnées d'intérêt national Art en territoire du ministère de la culture. Ses missions principales sont la création et la diffusion de spectacles de théâtre, danse, cirque et musique programmés... Le Rayon Vert appartient au réseau des scènes conve;Adultes, Familles
4490;La Quesnoye à VTT;activity;olo:OrderedList, CyclingTour, PointOfInterest, Tour;Cette boucle VTT est parfaite pour les amateurs de vélo et notaement les familles. Venez découvrir la Vallée de l'Yères, casque sur la tête et bouteille d'eau dans le sac. Ce circuit verdoyant emprunte essentiellement des chemins de campagne en surplomb du village d'Aubermesnil-aux-Erables. Vous pro;Adultes, Sportifs
4498;Vers les Bois de Neuville-Ferrières à VTT;activity;olo:OrderedList, CyclingTour, PointOfInterest, Tour;Venez découvrir en VTT le patrimoine de ce village à travers les panneaux explicatifs et un paysage admirable grâce à la table d'orientation. Venez découvrir en VTT le patrimoine de ce village à travers les panneaux explicatifs et un paysage admirable grâce à la table d'orientation.;Adultes, Sportifs
4499;Domaine équestre d'Étretat;activity;schema:LocalBusiness, EquestrianCenter, PlaceOfInterest, PointOfInterest, SportsAndLeisurePlace;Le Domaine équestre d'Étretat vous propose de l'équitation loisirs et compétition. Balade tous niveaux : débutant accepté Stage ouvert à tous à partir de 6 ans pendant les vacances scolaires Cours tous niveaux adultes et enfants Vous pourrez... Le Domaine équestre d'Étretat vous propose de l'équitat;Adultes, Débutants, Enfants, Familles, Randonneurs
4501;Golf d'Arnouville;activity;schema:GolfCourse, GolfCourse, PlaceOfInterest, PointOfInterest, SportsAndLeisurePlace;Situé en plein cœur du Pays de Caux, à Ermenouville en Normandie, venez découvrir nos espaces entièrement dédiés à tous les golfeurs : le 9 trous du Château, le parcours école 9 trous, practice et les zones d'entrainements. Entre clos masure et... Situé en plein cœur du Pays de Caux, à Ermenouville ;Adultes, Familles
4518;Parc Animalier de Roumare;activity;PlaceOfInterest, PointOfInterest, SportsAndLeisurePlace;Dans la forêt domaniale de Roumare, un parc d'observation de 26 hectares vous permet de contempler cerfs, chevreuils, sangliers, daims évoluant en toute liberté dans leur milieu naturel. Le parcours aménagé, accessible à tous, est jalonné de... Dans la forêt domaniale de Roumare, un parc d'observati;Adultes, Enfants, Familles
4519;Les Coquelicots à VTT;activity;olo:OrderedList, CyclingTour, PointOfInterest, Tour;Venez parcourir les plateau et vallons, des plaines de Gueures à la Vallée de la Saâne. Des chemins sûrement empruntés autrefois pour rejoindre les villages à pied. Vous longerez la Saâne sur le GR212® et emprunterez l'ancienne voie ferrée (cheminement sur ballaste). A vos casques, bouteilles d'eau ;Adultes, Sportifs
4521;La Reine Mère;activity;olo:OrderedList, PointOfInterest, Tour, WalkingTour;Ce circuit de randonnée, à l’ombre des arbres de la forêt d’Eu, saura ravir vos pupilles, soyez en sûrs ! Un sentier idéal, pour une vue imprenable sur la Vallée de l’Yères. C’est parti pour une sortie nature d’une heure, pour le plus grand plaisir des yeux ! Un peu d’histoire … Au départ de la rand;Adultes, Enfants, Familles, Randonneurs
4531;Le Mont Gournoy à VTT;activity;olo:OrderedList, CyclingTour, PointOfInterest, Tour;Le circuit du Mont Gournoy vous emmènera à VTT au travers de la forêt. Munissez vous d'un casque et de lunettes, et pensez à la bouteille d'eau et au kit de réparation en cas de pépin !La Forêt d'Eu est indivise et gérée par l'ONF (Office National des Forêts). Le circuit du Mont Gournoy vous emmèner;Adultes, Sportifs
4532;Les Jacquemarts;activity;olo:OrderedList, PointOfInterest, Tour, WalkingTour;Que diriez-vous d’une randonnée à pied pour partir à la rencontre des Jacquemarts d'Auffay dans la vallée de la Scie ? Au fil de votre balade, vous découvrirez des trésors du patrimoine témoignant de la riche histoire de ce territoire. Que diriez-vous d’une randonnée à pied pour partir à la rencontr;Adultes, Familles, Randonneurs
4535;Le Val au Cesne à VTT;activity;olo:OrderedList, CyclingTour, PointOfInterest, Tour;Un circuit agréable d'une heure environ à travers bois, champs et vallées dans le Pays de Caux. Un circuit agréable d'une heure environ à travers bois, champs et vallées dans le Pays de Caux.;Adultes, Sportifs
4543;Les Etangs;activity;olo:OrderedList, PointOfInterest, Tour, WalkingTour;Belle balade familiale au départ de l'aire de pique-nique des Etangs de Normandeuse. La première moitié du circuit se déroule au fil de l'eau, entre les eaux calmes des étangs et les eaux parfois plus tumultueuses de la Bresle. La seconde partie du parcours permettra aux promeneurs de découvrir le v;Adultes, Familles, Randonneurs
4544;Les Terres de l'Abbaye à VTT;activity;olo:OrderedList, CyclingTour, PointOfInterest, Tour;Ce circuit balisé vous emmène à la découverte des multiples ambiances du village de Jumièges. Ce circuit balisé vous emmène à la découverte des multiples ambiances du village de Jumièges.;Adultes, Sportifs
4547;Centre aquatique La Presqu'île;activity;schema:LocalBusiness, PlaceOfInterest, PointOfInterest, SportsAndLeisurePlace, SwimmingPool;La piscine La Presqu'île est l'endroit idéal pour passer un bon moment en famille ou entre amis. Vous y trouverez un bassin à vagues, un bassin d'initiation, un bassin toboggan avec effets lumineux et une pataugeoire avec jeux. Un espace remise en... La piscine La Presqu'île est l'endroit idéal pour;Adultes, Débutants, Enfants, Familles
4552;Circuit de la Haute-Justice;activity;olo:OrderedList, CyclingTour, PointOfInterest, Tour;Partez à la découverte du patrimoine autour d'Yvetot avec cette boucle cyclotouristique qui vous emmène à la découverte des villages de Baons-le-Comte, Autretot, le manoir du Fay et l'ancien lieu de haute-justice du Moyen-Age : Le manoir du Catel (labellisé Accueil Vélo). Partez à la découverte du p;Adultes, Sportifs
4553;Office de Tourisme Destination Le Tréport-Mers - Bureau d'accueil touristique d'Eu;activity;schema:TouristInformationCenter, LocalTouristOffice, PlaceOfInterest, PointOfInterest, TouristInformationCenter;nan L’Office de Tourisme d'Eu - Vallée de la Bresle vous accueille toute l'année dans ses locaux de la place Guillaume le Conquérant, près de la collégiale et du château. Toute l'équipe de l'Office de Tourisme est à votre disposition pour vous conseiller et vous accompagner dans la découverte de la ;Adultes, Familles
4557;Grimpe d'arbres;activity;PlaceOfInterest, PointOfInterest, SportsAndLeisurePlace;Grimpe d'arbres en forêt d'Eu Pour adultes et enfants à partir de 6 ans et pour les plus petits Atelier Balançoire Sur rendez-vous Réservation par mail ou par téléphone Grimpe d'arbres en forêt d'Eu Pour adultes et enfants à partir de 6 ans et pour les plus petits Atelier Balançoire Sur rendez-vous ;Adultes, Enfants, Familles
4559;A partir de Fesques à VTT;activity;olo:OrderedList, CyclingTour, PointOfInterest, Tour;Lors de ce parcours en VTT, vous pourrez observer le parc éolien de Callengeville et le petit patrimoine de nos villages : clocher, puits à la Vieuville. A vos VTT, casques et sacs à dos et partez pour une bonne heure de pédalage ! Et pensez à la bouteille d'eau, elle peut être utile ! Lors de ce pa;Adultes, Familles, Sportifs
4567;Pierre-Auguste Renoir;activity;olo:OrderedList, PointOfInterest, Tour, WalkingTour;nan nan;Adultes, Familles, Randonneurs
4579;A la découverte du littoral cauvillais;activity;olo:OrderedList, PointOfInterest, Tour, WalkingTour;Un circuit idéal pour les amoureux de la mer et de la campagne qui vous permettra de découvrir Cauville-sur-Mer, son patrimoine et son panorama... Un circuit idéal pour les amoureux de la mer et de la campagne qui vous permettra de découvrir Cauville-sur-Mer, son patrimoine et son panorama...;Adultes, Familles, Randonneurs
4584;Le Havre Étretat Normandie Tourisme - Plage;activity;schema:TouristInformationCenter, LocalTouristOffice, PlaceOfInterest, PointOfInterest, TouristInformationCenter;nan Situé sur le front de mer, entre la plage et le port de plaisance, l'Office de Tourisme Le Havre Etretat Normandie Tourisme ouvre ses portes toute l'année. Une équipe à votre écoute vous conseille et vous accompagne dans la préparation de votre séjour. Vous trouverez une documentation complète a;Adultes, Enfants, Familles
4587;Centre culturel La Forge;activity;PlaceOfInterest, PointOfInterest, SportsAndLeisurePlace;La Forge est le centre associatif et culturel de la ville d'Harfleur. Inaugurée en janvier 2010, elle accueille, tout au long de l'année, divers acteurs de la scène culturelle. Le centre est divisé en différents espaces : - le Creuset, la grande... La Forge est le centre associatif et culturel de la;Adultes, Familles
4591;NormandZen;activity;PlaceOfInterest, PointOfInterest, SportsAndLeisurePlace;Massage bien être, seul, ou en duo, de 0 à 99 ans, à l'institut, à domicile ou en entreprise, femme enceinte, Shiatsu, réflexologie, californien, Ayurvédique, suédois, cupping, luminothèrapie, enfant, nourisson. Massage bien être, seul, ou en duo, de 0 à 99 ans, à l'institut, à domicile ou en entrep;Adultes, Enfants, Familles
4592;Bas de Bacqueville à VTT;activity;olo:OrderedList, CyclingTour, PointOfInterest, Tour;Randonner sur le circuit Bas-de-Bacqueville, c’est à coup sûr passer un moment agréable entre les grandes étendues céréalières typiques de la Seine Maritime et la vallée de la Vienne ! Un parcours VTT accessible à tous, rythmé par une succession de paysages divers et variés, mêlant nature et patrimo;Adultes, Familles, Randonneurs, Sportifs
4593;Le Havre Étretat Normandie Tourisme - Point Information Étretat;activity;schema:TouristInformationCenter, LocalTouristOffice, PlaceOfInterest, PointOfInterest, TouristInformationCenter;nan Situé dans le centre-ville d'Étretat, l'Office de Tourisme Le Havre-Étretat Normandie Tourisme ouvre ses portes toute l'année. Une équipe à votre écoute vous conseille et vous accompagne dans la préparation de votre séjour. Vous trouverez une documentation complète ainsi que de nombreux services;Adultes, Enfants, Familles
4596;Le Bosc aux Moines;activity;olo:OrderedList, PointOfInterest, Tour, WalkingTour;Cette balade au coeur de la campagne normande vous dévoilera de beaux exemples de l’architecture locale : clos-masures, églises, châteaux et manoirs, par de jolis chemins de lisière Cette balade au coeur de la campagne normande vous dévoilera de beaux exemples de l’architecture locale : clos-masures;Adultes, Familles, Randonneurs
4621;Centre aquatique de Port-Jérôme-sur-Seine;activity;schema:LocalBusiness, PlaceOfInterest, PointOfInterest, SportsAndLeisurePlace, SwimmingPool;Le centre aquatique est équipé de 5 bassins, d'un bassin extérieur chauffé à 30° toute l'année, de bains bouillonnants, d'un sauna, d'une salle de remise en forme ainsi qu'une fosse à plongeons ouverte en été. Le centre aquatique est équipé de 5 bassins, d'un bassin extérieur chauffé à 30° toute l'a;Adultes, Enfants, Familles
4629;Canu Air;activity;schema:Airport, Airport, PlaceOfInterest, PointOfInterest, SportsAndLeisurePlace, Transport;L'aéroclub d'Yvetot vous propose des baptêmes de l'air en avion et ULM, de la voltige, des vols d'initiation, des formations au diplôme de pilote privé. Vous trouverez également sur place une salle de réception. Pour toute information, vous pouvez... L'aéroclub d'Yvetot vous propose des baptêmes de ;Adultes, Débutants
4636;La Réformation à cheval;activity;olo:OrderedList, HorseTour, PointOfInterest, Tour;Toute l’année, vous pourrez apprécier le rythme des saisons en milieu forestier. Vous emprunterez l’Allée des Limousins et aurez une vue surprenante sur cette traversée rectiligne. Toute l’année, vous pourrez apprécier le rythme des saisons en milieu forestier. Vous emprunterez l’Allée des Limousins;Adultes, Enfants
4638;Les Acres;activity;olo:OrderedList, PointOfInterest, Tour, WalkingTour;Pour ce circuit, qui est en majeure partie en Forêt de Lyons, il est nécessaire de vérifier les périodes de chasse. N'hésitez pas à vous rendre au point de vue de la commune pour contempler le magnifique paysage de la boutonnière du Pays de Bray. Pour ce circuit, qui est en majeure partie en Forêt d;Adultes, Familles, Randonneurs
4650;Gare de Oissel;activity;schema:TrainStation, PlaceOfInterest, PointOfInterest, TrainStation, Transport;nan nan;Adultes, Familles
4656;Bowling International de Rouen;activity;BowlingAlley, PlaceOfInterest, PointOfInterest, SportsAndLeisurePlace;Le Grand Bowling International de Rouen vous propose toute l'année une gamme complète de forfaits adaptés à vos besoins. 16 pistes vous attendent pour une partie entre amis ou, pourquoi pas, une de nos compétitions en ligues ? Le Grand Bowling International de Rouen vous propose toute l'année une ga;Adultes, Familles
4662;Saumont-la-Poterie;activity;olo:OrderedList, PointOfInterest, Tour, WalkingTour;Ce beau parcours vous permettra d’observer de très beaux panoramas sur les paysages brayons ainsi que sur le château de Bray. Vous découvrirez un joli patrimoine bâti : le Manoir d’Abancourt et le Pont de Coq du XVIIème siècle (passage de l’ancienne route des Chasses Marées et inscrit aux Monuments ;Adultes, Familles, Randonneurs
4670;AAPPMA de Dieppe et des environs;activity;PlaceOfInterest, PointOfInterest, SportsAndLeisurePlace;L'AAPPMA de Dieppe (Association Agréée pour la Pêche et la Protection du Milieu Aquatique) propose près de 30 km de berges en 1ère catégorie répartis sur 3 fleuves côtiers seino-marins : l'Arques alimentée par les 3 rivières Eaulne, Varenne et... L'AAPPMA de Dieppe (Association Agréée pour la Pêche ;Adultes, Familles
4675;Sente aux Fées en attelage;activity;olo:OrderedList, HorseTour, PointOfInterest, Tour;"Un parcours à réaliser avec un attelage, placé sous le signe de la chasse en Pays de Caux. cette balade vous amènera jusqu'au ""Belvédère"", une haute bâtisse qui servait pour la chasse, la détente et l'observation et qui était entouré par le passé de murs de silex. Ceux-ci avaient plusieurs fonctions";Adultes, Enfants, Familles, Randonneurs
4686;Dans le Bois de Grosfy;activity;olo:OrderedList, PointOfInterest, Tour, WalkingTour;A l’orée du bois, vous pourrez admirer deux demeures privées : le château de Grosfy et plus loin de château de Gretot. A l’orée du bois, vous pourrez admirer deux demeures privées : le château de Grosfy et plus loin de château de Gretot.;Adultes, Familles, Randonneurs
4692;Le Val au Cesne;activity;olo:OrderedList, CyclingTour, PointOfInterest, Tour;Ce circuit à vélo vous fera découvrir le site naturel classé du Val au Cesne en plein coeur du Pays de Caux. Ce circuit à vélo vous fera découvrir le site naturel classé du Val au Cesne en plein coeur du Pays de Caux.;Adultes, Sportifs
4702;Office de Tourisme de la Côte d'Albâtre - Bureau de Cany-Barville;activity;schema:TouristInformationCenter, LocalTouristOffice, PlaceOfInterest, PointOfInterest, TouristInformationCenter;Charmant bourg pittoresque de la Vallée de la Durdent à 9 km de la plage de Veulettes Sur Mer, Cany Barville, situé dans un écrin de verdure offre grâce à son commerce local dynamique des produits de qualité du terroir et une animation toute l'année. Situé sur la Place Robert Gabel, le Bureau d'accu;Adultes, Familles
4703;Club L'Excalibur;activity;schema:NightClub, NightClub, PlaceOfInterest, PointOfInterest, SportsAndLeisurePlace;Le Club l’Excalibur P .M vous propose 3 salles, 3 ambiances : une petite à l’ambiance des années 80/90 début 2000, une moyenne dédiée à l’Urban Latino et une grande Ambiance Electro… Possibilité de faire des soirées privées sur réservation. Le Club l’Excalibur P .M vous propose 3 salles, 3 ambiances;Adultes
4704;Les Jacquemarts à VTT;activity;olo:OrderedList, CyclingTour, PointOfInterest, Tour;A vos VTT pour partir à la rencontre des Jacquemarts d'Auffay dans la vallée de la Scie !L'ancienne collégiale Notre Dame, remontant aux Xlème et XIIème siècle est inscrite aux Monuments Historiques. Le haut de la tour, est occupé par les célèbres Jacquemarts HOUZOU BENARD et PAQUET SIVIERE, deux au;Adultes, Sportifs
4707;Escape 423 - Les Gardiens du Temps;activity;PlaceOfInterest, PointOfInterest, SportsAndLeisurePlace;L'escape game est un jeu d'immersion grandeur nature où une équipe composée de 2 à 5 joueurs se retrouve plongé dans une pièce avec un décor immersif et un objectif précis. Pour réussir leur mission, ils devront fouiller la pièce pour trouver des... L'escape game est un jeu d'immersion grandeur natu;Adultes, Familles
4726;Gérente à VTT;activity;olo:OrderedList, CyclingTour, PointOfInterest, Tour;Rendez-vous au Musée de la Verrerie de Blangy-sur-Bresle, pour le départ d'une randonnée VTT. Sur votre chemin, vous découvrirez un arboretum ainsi que la reconstitution d'un village mérovingien, réalisée par la Fédération des Archéologues du Talou et des régions avoisinantes.Partez pour une belle j;Adultes, Randonneurs, Sportifs
4727;Site des Tennis de Varengeville-sur-Mer;activity;PlaceOfInterest, PointOfInterest, SportsAndLeisurePlace;Né en 2012 de la fusion entre le Tennis Belleville Puys et le TC Varengeville-sur-Mer, le Tennis Petit Caux Varengeville (TPCV) est un club dynamique comptant 467 adhérents. Il accueille joueurs de tous niveaux, dès 3 ans, avec une école de tennis... Né en 2012 de la fusion entre le Tennis Bellevill;Adultes, Familles, PMR
4728;Centre Equestre d'Ouzana;activity;schema:LocalBusiness, EquestrianCenter, PlaceOfInterest, PointOfInterest, SportsAndLeisurePlace;Petits et grands, venez partager un agréable moment autour du cheval au centre équestre d'Ouzana. Balades en poney dès 3 ans Petits et grands, venez partager un agréable moment autour du cheval au centre équestre d'Ouzana. Balades en poney dès 3 ans;Adultes, Enfants, Familles, Randonneurs
4739;Le Hêtre;activity;olo:OrderedList, PointOfInterest, Tour, WalkingTour;Arpentez les sentiers, de villages en hameaux : vous trouverez toujours une église, un manoir ou de belles villas à admirer. Et profitez de la vue imprenable sur les stations balnéaires des Petites et Grandes Dalles ! Arpentez les sentiers, de villages en hameaux : vous trouverez toujours une église;Adultes, Familles, Randonneurs
4741;Mer Amitié;activity;PlaceOfInterest, PointOfInterest, SportsAndLeisurePlace;L'association Mer Amitié vous propose des croisières sur voiliers habitables pour découvrir et pratiquer la navigation en mer. Des week-ends de navigation sont proposés de mars à novembre au départ du Havre et des croisières à la semaine en été. L'association Mer Amitié vous propose des croisières s;Adultes, Familles
4749;Parcours du Village Fleuri;activity;olo:OrderedList, PointOfInterest, Tour, WalkingTour;Une balade agréable autour de l'un des villages les plus fleuris de France ! Une balade agréable autour de l'un des villages les plus fleuris de France !;Adultes, Familles, Randonneurs
4762;Le Bièvredent à VTT;activity;olo:OrderedList, CyclingTour, PointOfInterest, Tour;Au départ d'un charmant village en bordure de la Boutonnière du Pays de Bray, cet itinéraire présente quatre grands panoramas grâce à son fort dénivelé. Au départ d'un charmant village en bordure de la Boutonnière du Pays de Bray, cet itinéraire présente quatre grands panoramas grâce à son fort déni;Adultes, Sportifs
4763;Golf Tango;activity;PlaceOfInterest, PointOfInterest, SportsAndLeisurePlace;En hélicoptère, profitez de votre escale en Normandie pour survoler la Baie de Seine, Etretat. Nous vous offrons une vue imprenable sur un site exceptionnel, Le Havre, inscrit au patrimoine de l'UNESCO, Port 2000 et son trafic de conteneurs, les... En hélicoptère, profitez de votre escale en Normand;Adultes, Débutants
4781;Weeky Parc;activity;PlaceOfInterest, PointOfInterest, SportsAndLeisurePlace;Parc d'attractions couvert de 1200 m² pour enfants jusqu'à 12 ans. Des activités ludiques et psychomotrices et une multitude de jeux dans une ambiance féerique, musicale et entièrement sécurisée. Parc d'attractions couvert de 1200 m² pour enfants jusqu'à 12 ans. Des activités ludiques et psychomotri;Enfants, Familles
4783;La Tour Mailly;activity;olo:OrderedList, PointOfInterest, Tour, WalkingTour;Lors de cette agréable balade de 5 km, vous serez amenés à découvrir des paysages et lieux d'intérêt variés. Lors de cette agréable balade de 5 km, vous serez amenés à découvrir des paysages et lieux d'intérêt variés.;Adultes, Familles, Randonneurs
4792;Laser Game Évolution;activity;PlaceOfInterest, PointOfInterest, SportsAndLeisurePlace;Équipé de la dernière génération de matériel, venez défier vos amis dans trois labyrinthes multi-niveaux complètement délirants. Le but du jeu est de désactiver le plus d'adversaires possible avec votre pistolet et laser ultra-précis, ultra-léger et... Équipé de la dernière génération de matériel, v;Adolescents, Adultes, Familles
4799;Centre équestre le Clos d'Hérine;activity;schema:LocalBusiness, EquestrianCenter, PlaceOfInterest, PointOfInterest, SportsAndLeisurePlace;Le clos d'Hérine propose des cours d'équitation , de l'initiation au perfectionnement , dès 3 ans. Des stages sont organisés pendant les vacances scolaires des différentes zones avec éventuellement passages de galops. En été, une semaine de stage... Le clos d'Hérine propose des cours d'équitation , ;Adultes, Débutants, Enfants, Groupes, PMR
4805;La Reine Mère à VTT;activity;olo:OrderedList, CyclingTour, PointOfInterest, Tour;Ce circuit VTT, à l’ombre des arbres de la forêt d’Eu, saura ravir vos pupilles, soyez en sûrs ! Un sentier idéal, pour une vue imprenable sur la Vallée de l’Yères. C’est parti pour une sortie nature d’une heure, pour le plus grand plaisir des yeux ! Un peu d’histoire … Au départ de la randonnée, vo;Adultes, Enfants, Familles, Randonneurs, Sportifs
4813;Au Cœur des Deux Vallées;activity;olo:OrderedList, PointOfInterest, Tour, WalkingTour;Boucle de la vallée de la Ganzeville à la vallée de la Valmont Boucle de la vallée de la Ganzeville à la vallée de la Valmont;Adultes, Familles, Randonneurs
4818;Gare du Havre;activity;schema:TrainStation, PlaceOfInterest, PointOfInterest, TrainStation, Transport;nan nan;Adultes, Familles
4825;Paradis Aquatique;activity;PlaceOfInterest, PointOfInterest, SportsAndLeisurePlace;Venez passer un moment d'évasion dans un lieu unique à 15 minutes de Dieppe ! Le Paradis Aquatique est un parc de 7 étangs orné de plantes luxuriantes et d’espèces d’animaux insolites. Tout est prévu pour passer une journée de détente proche de la... Venez passer un moment d'évasion dans un lieu uni;Adultes, Débutants, Enfants, Familles, Randonneurs
4826;Les chemins de forrières à cheval;activity;olo:OrderedList, HorseTour, PointOfInterest, Tour;Les chemins de forrières bordent les villages avec, d'un côté la vue sur les champs et de l'autre, sur le patrimoine des villages. Les chemins de forrières bordent les villages avec, d'un côté la vue sur les champs et de l'autre, sur le patrimoine des villages.;Adultes, Enfants
4830;La Papillonerie;activity;olo:OrderedList, PointOfInterest, Tour, WalkingTour;Sur ce parcours paisible en sous-bois, vous serez charmé par le paysage entre forêts et panoramas sur la Vallée de l’Andelle. Possibilité de pique-nique au parc paysager de La Hallotière, ouvert toute l’année. Sur ce parcours paisible en sous-bois, vous serez charmé par le paysage entre forêts et pa;Adultes, Familles, Randonneurs
4841;Jerusalem;activity;olo:OrderedList, CyclingTour, PointOfInterest, Tour;Départ : place de l'église à Ponts et Marais Point de vue remarquable sur les 3 villes soeurs : Eu, Mers les- Bains et Le Tréport, à partir du versant picard de la vallée de la Bresle en empruntant le chemin de Jérusalem. Magnifique panorama sur l'estuaire de la Bresle à la chapelle Saint-Laurent du;Adultes, Sportifs
4842;Bateau école - Albâtre Plaisance (Fécamp);activity;schema:Product, AccompaniedPractice, PlaceOfInterest, PointOfInterest, Practice, Product, SportsAndLeisurePlace;Bienvenue chez Albâtre Plaisance, votre Bateau Ecole en Normandie. Nous vous accueillons en Seine-Maritime (au Havre et à Fécamp) et dans le Calvados (Honfleur et Deauville). Des formations nautiques 7/7 jours, toute l’année. À votre service, une... Bienvenue chez Albâtre Plaisance, votre Bateau Eco;Adultes, Débutants
4860;Le Jardin du Roi de Rome en VTT;activity;olo:OrderedList, CyclingTour, PointOfInterest, Tour;Cette boucle au départ des Ventes-Saint-Rémy vous fera traverser la forêt d’Eawy, massif forestier en partie classé en zone Natura 2000. A votre retour, prenez le temps de flâner dans le Jardin du Roi de Rome. Cette boucle au départ des Ventes-Saint-Rémy vous fera traverser la forêt d’Eawy, massif f;Adultes, Sportifs
4865;Le Coupe Gorge;activity;olo:OrderedList, PointOfInterest, Tour, WalkingTour;nan nan;Adultes, Familles, Randonneurs
4869;LH Trott;activity;ActivityProvider, LeisureSportActivityProvider, PlaceOfInterest, PointOfInterest, SportsAndLeisurePlace;Randonnée en trottinette électrique tout terrain, encadré par un guide diplômé. Casque / gants/ lunettes fournis Découverte de la région havraise de façon atypique. Respirer le grand air. Randonnée en trottinette électrique tout terrain, encadré par un guide diplômé. Casque / gants/ lunettes fournis;Adultes, Familles, Randonneurs
4885;Patrimoine de la Vallée du Dun;activity;olo:OrderedList, PointOfInterest, Tour, WalkingTour;Au cœur du Pays de Caux, la Chapelle-sur-Dun et son église sont le point de départ de cette randonnée de 7,8km qui plaira aux petits comme aux grands. Laissez-vous séduire par les paysages champêtres et le patrimoine rural que vous fera découvrir ce circuit. Alors on chausse les chaussures de rando,;Adultes, Familles, Randonneurs
4888;Kangourou Kids Le Havre;activity;schema:LocalBusiness, KidsClub, PlaceOfInterest, PointOfInterest, SportsAndLeisurePlace;À la recherche d’un service fiable et flexible pour la garde de vos enfants à domicile au Havre ? L’agence Kangourou Kids, implantée dans la Seine-Maritime, s’engage à vous accompagner dans la sélection de la nounou idéale. Ils prennent en compte... À la recherche d’un service fiable et flexible pou;Enfants, Familles
4904;LH Aventures Parc;activity;PlaceOfInterest, PointOfInterest, SportsAndLeisurePlace;Au cœur du parc forestier de Montgeon, découvrez l'accrobranche et ses tyroliennes géantes. Accessible dès 3 ans, LH Aventures parc vous accueille au sein de 270 hectares de nature. 6 parcours accrobranche dès 3 ans et la balade des ouistitis & le... Au cœur du parc forestier de Montgeon, découvrez ;Adultes, Enfants, Familles, Randonneurs
4905;Grand Bois;activity;olo:OrderedList, PointOfInterest, Tour, WalkingTour;nan nan;Adultes, Familles, Randonneurs
4919;Circuit les 13 chênes;activity;olo:OrderedList, PointOfInterest, Tour, WalkingTour;Ce parcours est accessible à tous, sans difficulté majeure. Composé d’une succession d’ambiances forestières différentes, il vous permettra de découvrir les charmes de la forêt domaniale de Roumare. Ce parcours est accessible à tous, sans difficulté majeure. Composé d’une succession d’ambiances fore;Adultes, Familles, Randonneurs
4922;Les Grands Genêts à VTT;activity;olo:OrderedList, CyclingTour, PointOfInterest, Tour;Lors de cette randonnée à VTT, vous passerez par le hameau de Richebourg qui porte le nom de l'ancien château démoli en 1826. Vous randonnerez dans des paysages variés en Forêt de Lyons et en plaines. Lors de cette randonnée à VTT, vous passerez par le hameau de Richebourg qui porte le nom de l'anci;Adultes, Randonneurs, Sportifs
4926;Gare de Sotteville-lès-Rouen;activity;schema:TrainStation, PlaceOfInterest, PointOfInterest, TrainStation, Transport;nan nan;Adultes, Familles
4927;Circuit découverte du patrimoine autour de la gare et du Manoir du Fay;activity;olo:OrderedList, PointOfInterest, Tour, WalkingTour;Ce circuit vous fera découvrir le riche passé d'Yvetot. Ce circuit vous fera découvrir le riche passé d'Yvetot.;Adultes, Familles, Randonneurs
4939;La Tour Mailly à VTT;activity;olo:OrderedList, CyclingTour, PointOfInterest, Tour;Une envie de sortie en plein air qui vous fasse découvrir divers points d'intérêts ? Alors en VTT venez découvrir forêt, campagne, village, et patrimoine bâti du territoire d'Eu. Le point de départ du circuit se trouve d'ailleurs au niveau de la Tour Mailly, tour accolée à l'église au clocher penché;Adultes, Sportifs
4945;Luneray à pied;activity;olo:OrderedList, PointOfInterest, Tour, WalkingTour;"Partez à la découverte du riche passé historique de Luneray, jolie commune perchée entre les vallées du Dun et de la Saâne. Empruntez les ""Sentes à paniers"", petits chemins sinueux qui traversent la ville de part et d'autre, et remontez le temps en parcourant les sites patrimoniaux emblématiques de ";Adultes, Familles, Randonneurs
4947;Les Chemins des Textiles;activity;olo:OrderedList, PointOfInterest, Tour, WalkingTour;Partez pour une randonnée sportive chargée du passé textile de Lillebonne, et de ses vestiges gallo-romains. Un circuit idéal qui allie plaisir sportif et découvertes historiques ! Partez pour une randonnée sportive chargée du passé textile de Lillebonne, et de ses vestiges gallo-romains. Un circuit;Adultes, Familles, Randonneurs, Sportifs
4949;Association Val Soleil Hellandes Normandie;activity;schema:LocalBusiness, EquestrianCenter, PlaceOfInterest, PointOfInterest, SportsAndLeisurePlace;Dans une ambiance familiale, le Domaine des Hellandes vous propose des cours d'équitation pour enfants à partir de 4 ans et adultes jusqu'au galop 7. Des stages sont organisés pendant les vacances scolaires. Le poney-club dispose d'un manège et... Dans une ambiance familiale, le Domaine des Hellande;Adultes, Enfants, Familles, Randonneurs
4952;La Pougaraise à VTT;activity;olo:OrderedList, CyclingTour, PointOfInterest, Tour;"Ce parcours VTT, destiné au sportif vous entrainera sur les traces du patrimoine historique de la Région, en particulier un des mystérieux clochers tors de France, qui fascine encore quant à son origine. ""Pougard"" est le nom que porte un habitant du village d'Auppegard. Vous croiserez, l'église et s";Adultes, Enfants, Familles, Sportifs
4955;Le Tour du Lac à VTT;activity;olo:OrderedList, CyclingTour, PointOfInterest, Tour;Découvrez une ancienne sablière, aujourd'hui plan d'eau propice à une promenade familiale. Profitez-en ensuite pour prendre le bac qui vous emmène sur la rive droite de la Seine à Duclair. Découvrez une ancienne sablière, aujourd'hui plan d'eau propice à une promenade familiale. Profitez-en ensuite ;Adultes, Sportifs
4963;Mont Jolibois;activity;olo:OrderedList, PointOfInterest, Tour, WalkingTour;Découvrez tous les charmes de Criel-sur-Mer et la variété de ses paysages préservés. Les prés salés : Cette zone humide vous invite à la contemplation par son camaïeu de couleurs et son calme à deux pas du centre-ville. Ne ratez pas non plus le spot situé sur les hauteurs des falaises, idéal pour un;Adultes, Familles, Randonneurs
4970;Jerusalem;activity;olo:OrderedList, PointOfInterest, Tour, WalkingTour;Départ : place de l'église à Ponts et Marais Point de vue remarquable sur les 3 villes soeurs : Eu, Mers les- Bains et Le Tréport, à partir du versant picard de la vallée de la Bresle en empruntant le chemin de Jérusalem. Magnifique panorama sur l'estuaire de la Bresle à la chapelle Saint-Laurent du;Adultes, Familles, Randonneurs
4973;L'escalier de Sotteville à cheval;activity;olo:OrderedList, HorseTour, PointOfInterest, Tour;Cette boucle de randonnée prend son départ dans la commune de Sotteville-sur-Mer, située sur la Côte d’Albâtre. Entre chemins de forrières et paysages typiques du Pays de Caux, vous apprécierez un superbe panorama sur la côte et ses falaises de craie, du haut du fameux escalier de 231 marches. Acces;Adultes, Enfants, Randonneurs
4982;La Forêt d'Arelaune;activity;olo:OrderedList, PointOfInterest, Tour, WalkingTour;Partez pour une randonnée qui vous fera traverser la forêt de Brotonne et qui vous fera découvrir des vues incroyables sur la Seine… Au départ de l’église de Vatteville-la-Rue, c’est parti pour une belle demi-journée de randonnée sportive ! Partez pour une randonnée qui vous fera traverser la forêt ;Adultes, Familles, Randonneurs
4985;Casino de Dieppe;activity;schema:Casino, Casino, PlaceOfInterest, PointOfInterest, SportsAndLeisurePlace;Le Casino de Dieppe dispose d'une situation géographique idyllique. Entre le front de mer et le centre-ville historique de Dieppe. Le Casino Dieppois dispose d'un parc d'environ 100 machines à sous (dont 4 reliées au Jackpot multi-site) allant de... Le Casino de Dieppe dispose d'une situation géogra;Adultes, Familles
4996;Les fermes traditionnelles;activity;olo:OrderedList, PointOfInterest, Tour, WalkingTour;Découvrez les clos-masure dans les hameaux et villages traversés. Découvrez les clos-masure dans les hameaux et villages traversés.;Adultes, Familles, Randonneurs
4998;Etretat Aventure - Parc de Loisirs;activity;PlaceOfInterest, PointOfInterest, SportsAndLeisurePlace;À Étretat Aventure, retrouvez les baptêmes poney dès 3 ans ainsi que de nouvelles structures gonflables en extérieur (3–10 ans). Entre l’accrobranche, les structures gonflables, les murs d’escalade en intérieur, les baptêmes poney, les circuits de... À Étretat Aventure, retrouvez les baptêmes poney ;Adolescents, Adultes, Enfants, Familles
5011;Le coeur;activity;olo:OrderedList, CyclingTour, PointOfInterest, Tour;Une boucle à réaliser en vélo au départ de la place forte du fromage de neufchâtel, Nesle-Hodeng. Sur votre route profitez des paysages que vous offre la boutonnière du Pays de Bray et des fermes de neufchâtel pour déguster et découvrir l'unique fromage AOP de Seine-Maritime. Une boucle à réaliser e;Adultes, Enfants, Familles, Sportifs
5021;PITCH & PUTT;activity;schema:GolfCourse, GolfCourse, PlaceOfInterest, PointOfInterest, SportsAndLeisurePlace;Au cœur d’un écrin de verdure, découvrez le Pitch & Putt et ses 9 trous de 40 à 90 mètres, homologué par la Fédération française de golf depuis juin 2019. Deux départs différents, avec des green naturels. Les renseignements et les jetons se prennent... Au cœur d’un écrin de verdure, découvrez le Pit;Adultes
5028;Au Fil des Châteaux à VTT;activity;olo:OrderedList, CyclingTour, PointOfInterest, Tour;"Ce circuit à réaliser en VTT sur une demi-journée vous amènera jusqu'à la ""Perle de Saâne"", autrement dit le Château de la Coutûre. Pour cela vous emprunterez le GR212®, afin de découvrir le château et ses jardins, traversés par la rivière. Pour les plus curieux et pour les amoureux de belles plante";Adultes, Sportifs
5056;Rand'eau Kayak - Kayak de mer;activity;PlaceOfInterest, PointOfInterest, SportsAndLeisurePlace;Outil remarquable pour faire des observations sur la faune et le paysage, le kayak de mer se fond discrètement dans les éléments et profite ainsi de points de vues exclusifs, une autre façon de découvrir le littoral Seinomarin et ses falaises... Outil remarquable pour faire des observations sur la f;Adultes, Débutants, Familles
5065;Le Mont Rôti;activity;olo:OrderedList, PointOfInterest, Tour, WalkingTour;Cette boucle, qui s'étend sur 12 kilomètres, s'enfonce au cœur de la forêt d’Eu et des paysages vallonnés typiques de la Vallée de la Bresle. Eglise, chapelle, moulin à eau… sont à découvrir à proximité du circuit.La Forêt d'Eu est indivise et gérée par l'ONF (Office National des Forêts). Cette bouc;Adultes, Familles, Randonneurs
5067;Le Forges Spa;activity;PlaceOfInterest, PointOfInterest, SportsAndLeisurePlace;Profitez d’un univers de 700m², avec des installations flambant neuves, un personnel formé à toutes les techniques de massages et de mise en beauté. Des soins visage, corps, solaire, toute une gamme de prestations destinée aux femmes comme aux... Profitez d’un univers de 700m², avec des installation;Adultes
5086;Gare de Saint-Aubin-lès-Elbeuf;activity;schema:TrainStation, PlaceOfInterest, PointOfInterest, TrainStation, Transport;nan nan;Adultes, Familles
5089;La Véloroute du Lin;activity;olo:OrderedList, CyclingTour, PointOfInterest, Tour;Voici un circuit en boucle au départ d’Hautot-sur-Mer, qui mène à Offranville par la voie verte pour rejoindre par de petites routesle beau village de Varengeville et la plage de Pourville. On peut aussi partir de Dieppe, avec une bonne côte. Un circuit pour cyclistes expérimentés. Circuit de 21 km ;Adultes, Familles, Sportifs
5090;Le Pont de Coq;activity;olo:OrderedList, PointOfInterest, Tour, WalkingTour;Depuis la place de l'église, cet itinéraire vous fera découvrir le village, son ancienne école, son château privé et le pont de Coq. Depuis la place de l'église, cet itinéraire vous fera découvrir le village, son ancienne école, son château privé et le pont de Coq.;Adultes, Familles, Randonneurs
5094;Sandrine pérégrine;activity;PlaceOfInterest, PointOfInterest, SportsAndLeisurePlace;Nous proposons des visites touristiques et animations culturelles accessibles à tous et adaptées à chaque public. De la visite guidée classique aux visites plus ludiques comme des jeux de piste ou des visites plus originales comme les visites... Nous proposons des visites touristiques et animations ;Adultes, Familles, Randonneurs
5095;La Chapelle Saint Maurice à VTT;activity;olo:OrderedList, CyclingTour, PointOfInterest, Tour;Au départ de Gaillefontaine dans le Pays de Bray partez à VTT découvrir la campagne brayonne. Au départ de Gaillefontaine dans le Pays de Bray partez à VTT découvrir la campagne brayonne.;Adultes, Sportifs
5117;La Basse Vallée de la Durdent;activity;olo:OrderedList, CyclingTour, PointOfInterest, Tour;Ce circuit nature de 7 km (dont 6,3 km = 90% en site propre goudronné sans voiture) est jalonné de 6 panneaux pour découvrir et comprendre les attraits naturels, faunistiques et floristiques de la basse vallée de la Durdent. Promenade familiale idéale avec enfants en poussette ou à vélo. Ce circuit ;Adultes, Enfants, Familles, Sportifs
5122;Gare de Longueville-sur-Scie;activity;schema:TrainStation, PlaceOfInterest, PointOfInterest, TrainStation, Transport;nan nan;Adultes, Familles
5125;Val Jacob;activity;olo:OrderedList, PointOfInterest, Tour, WalkingTour;Un bon bol d’air frais et de panoramas sur la campagne et la forêt d’Eu. C’est ce que vous offre le circuit de randonnée du Val Jacob ! Au départ de l’église de Fallencourt, petit village paisible de la Vallée de la Bresle, vous partez pour deux heures de marche le long du Vallon nommé Jacob. Le cir;Adultes, Familles, Randonneurs
5128;Les Deux Chênes à VTT;activity;olo:OrderedList, CyclingTour, PointOfInterest, Tour;Direction la Forêt Domaniale du Trait-Maulévrier, sur le circuit des Deux Chênes à la découverte du célèbre chêne d’Allouville. Au départ de l’Office de Tourisme, ce parcours vous amène tout d’abord au pied de l’arbre millénaire. Vous ne connaissez pas son histoire ? Alors nous allons vous la racont;Adolescents, Adultes, Enfants, Familles, Randonneurs, Sportifs
5133;Bar Le Newport;activity;PlaceOfInterest, PointOfInterest, SportsAndLeisurePlace;A l'intérieur du casino, le Newport, bar avec vue sur mer, vous accueille tous les jours. De nombreuses animations y ont lieu : piano bar le dimanche, DJ le vendredi et samedi soir à partir de 22h, thé dansant tous les premiers jeudis du mois, cours... A l'intérieur du casino, le Newport, bar avec v;Adultes
5134;Circuit de l'eau, mares et châteaux;activity;olo:OrderedList, EducationalTrail, PlaceOfInterest, PointOfInterest, SportsAndLeisurePlace, Tour, WalkingTour;Partez à la découverte des mares de la commune de Fresnoy-Folny ! Partez à la découverte des mares de la commune de Fresnoy-Folny !;Adultes, Enfants, Familles, Groupes scolaires, Randonneurs
5149;Le Nouveau Monde à VTT;activity;olo:OrderedList, CyclingTour, PointOfInterest, Tour;Ce circuit de 5,2 km (dont 3,6 km sur chemin) vous emmènera en promenade entre coteaux boisés et vallons. Ce circuit de 5,2 km (dont 3,6 km sur chemin) vous emmènera en promenade entre coteaux boisés et vallons.;Adultes, Sportifs
5151;Atelier Feuilloley Céramique;activity;PlaceOfInterest, PointOfInterest, SportsAndLeisurePlace;L’Atelier Feuilloley Céramique est un espace dédié à l'art de la céramique, où passion et savoir-faire se rencontrent. Spécialisé dans diverses techniques comme le décor de pièces tournées en grès et l’émaillage, il propose des cours pour tous... L’Atelier Feuilloley Céramique est un espace dédié à ;Adultes, Débutants, Familles
5153;Parc Accrocamp Rouen;activity;PlaceOfInterest, PointOfInterest, SportsAndLeisurePlace;"Profitez de la nature en plein centre ville ! Venez découvrir nos parcours en famille pour les petits (de plus de 1 mètre) et les grands. Accrocamp c'est l'accrobranche près de chez vous. Bénéficiez de notre offre ""Aventuriers Matinaux"" les... Profitez de la nature en plein centre ville ! Venez déco";Adultes, Enfants, Familles
5157;Aéro-Club de Rouen Normandie;activity;PlaceOfInterest, PointOfInterest, SportsAndLeisurePlace;Affilié à la Fédération Française d'Aéronautique, l'Aéro-Club Rouen Normandie vous propose de découvrir et pratiquer le pilotage d'avion avec la possibilité de réaliser tout au long de l'année des vols découverte (autour de Rouen et sa région) seul... Affilié à la Fédération Française d'Aéronautique;Adultes, Débutants
5161;Chemin des Perets à VTT;activity;olo:OrderedList, CyclingTour, PointOfInterest, Tour;Un agréable parcours accessible à tous au départ de Neuf-Marché, qui vous fera découvrir les ruines d'un Château fort du XIIème siècle, inscrites aux sites pittoresques du Département de la Seine-Maritime. Une randonnée paisible à VTT, pour petits et grands ! Un agréable parcours accessible à tous a;Adultes, Enfants, Familles, Randonneurs, Sportifs
5165;Le Domaine des Hogues;activity;olo:OrderedList, PointOfInterest, Tour, WalkingTour;A la découverte de Yport par sa plage et ses nombreux bosquets. A la découverte de Yport par sa plage et ses nombreux bosquets.;Adultes, Familles, Randonneurs
5175;Tiboloc - Location de véhicules : Van aménagé;activity;PlaceOfInterest, PointOfInterest, SportsAndLeisurePlace;Location de véhicules : - Van aménagé - Ford Nugget 4 couchages - Réservoirs eau propre / usée - Chauffage stationnaire - Utilitaire (Kangoo, camion benne) - Voiture touristique Location de véhicules : - Van aménagé - Ford Nugget 4 couchages - Réservoirs eau propre / usée - Chauffage stationnaire - ;Adultes, Familles
5187;Le Tetris;activity;PlaceOfInterest, PointOfInterest, SportsAndLeisurePlace, Theater;Salle de spectacles et lieu de création, Le Tetris est installé sur les hauteurs du Havre, dans le Fort de Tourneville. Avec ses 2 salles de 900 et 200 places, il accueille une programmation plurielle et curieuse : musiques actuelles, danse,... Salle de spectacles et lieu de création, Le Tetris est ;Adultes, Familles
5190;Circuit Mémoire d'Albâtre;activity;olo:OrderedList, PointOfInterest, Tour, WalkingTour;Le sentier, sous forme d'un boucle, vous emmène à travers prairies et milieux littoraux tout en vous invitant à pénétrer au sein d'un ancien point d'appui de la Seconde Guerre Mondiale aux impressionnants bunkers. Le sentier, sous forme d'un boucle, vous emmène à travers prairies et milieux littorau;Adultes, Familles, Randonneurs
5197;Toropark Paintball;activity;PlaceOfInterest, PointOfInterest, SportsAndLeisurePlace;A 10 mn de Rouen, le Toropark vous accueille 7 jours sur 7 sur réservation que vous soyez compétiteur ou novice sur nos différents terrains de jeux en plein air (forêt, Sup’AirBall et urbain). Le Toropark est le complexe paintball de Normandie... A 10 mn de Rouen, le Toropark vous accueille 7 jours ;Adolescents, Adultes
5206;Circuit du Courval à VTT;activity;olo:OrderedList, CyclingTour, PointOfInterest, Tour;Voici un parcours qui mêle activité physique et découverte, pour le plus grand plaisir des sportifs. Cette boucle de randonnée VTT vous permettra notamment de découvrir les traces laissées par l'activité verrière sur le territoire. Levez la tête du guidon et observez l'unité historique de production;Adultes, Familles, Randonneurs, Sportifs
5207;Circuit de la Reine Blanche;activity;olo:OrderedList, CyclingTour, PointOfInterest, Tour;nan nan;Adultes, Sportifs
5221;Le Genetey à VTT;activity;olo:OrderedList, CyclingTour, PointOfInterest, Tour;Du village à flanc de coteau au hameau du Génetey en lisière de la forêt domaniale de Roumare, vous pourrez admirer le riche patrimoine qui jalonne le parcours: abbaye Saint Georges de Boscherville, Ferme des Templiers, Chapelle Saint Gorgon, demeures et fermes anciennes... Du village à flanc de cot;Adultes, Enfants, Familles, Sportifs
5225;Le Bois Lambert à VTT;activity;olo:OrderedList, CyclingTour, PointOfInterest, Tour;Au travers de cette boucle balisée, vous découvrirez les sources de la Durdent, un petit fleuve seine-marin situé en plein du coeur du Pays de Caux et qui prend ses sources à Héricourt. Vous aurez l'occasion d'admirer un panorama sur la vallée mais aussi un paysage varié de forêt et de plaines. La v;Adultes, Sportifs
5230;Circuit le Val Allard;activity;olo:OrderedList, PointOfInterest, Tour, WalkingTour;Ce parcours est accessible à tous, sans difficulté majeure. Il vous permettra de découvrir les charmes de la forêt domaniale Verte, et notamment le sentier du Val Allard, lieu de quiétude et de tranquilité. Ce parcours est accessible à tous, sans difficulté majeure. Il vous permettra de découvrir le;Adultes, Familles, Randonneurs
5232;Circuit Flaubert;activity;olo:OrderedList, PointOfInterest, Tour, WalkingTour;Ce circuit de 12 kilomètres vous fera partir à la rencontre de Gustave Flaubert en vous faisant découvrir quelques-uns des lieux dont il s'est inspiré pour créer le décor de son chef d'oeuvre, Madame Bovary. Ce circuit de 12 kilomètres vous fera partir à la rencontre de Gustave Flaubert en vous fais;Adultes, Familles, Randonneurs
5237;Le Bois de la Brétèque à cheval;activity;olo:OrderedList, HorseTour, PointOfInterest, Tour;nan nan;Adultes, Enfants
5245;Boucle VTT de Gruchet-le-Valasse;activity;olo:OrderedList, CyclingTour, PointOfInterest, Tour;Une petite boucle aménagée pour les VTT au départ de l'Abbaye du Valasse, à Gruchet-le-Valasse. Une petite boucle aménagée pour les VTT au départ de l'Abbaye du Valasse, à Gruchet-le-Valasse.;Adultes, Sportifs
5246;Aéroclub Cauchois;activity;schema:Airport, Airport, PlaceOfInterest, PointOfInterest, SportsAndLeisurePlace, Transport;Ecole de pilotage, l'Aéroclub Cauchois vous propose des promenades aériennes, vers Dieppe, Fécamp, Étretat et des vols d'initiation. Ecole de pilotage, l'Aéroclub Cauchois vous propose des promenades aériennes, vers Dieppe, Fécamp, Étretat et des vols d'initiation.;Adultes, Débutants
5252;Circuit La Maison des Forêts;activity;olo:OrderedList, PointOfInterest, Tour, WalkingTour;Ce parcours est accessible à tous, sans difficulté majeure. Il vous emmenera par delà la forêt départementale du Madrillet, au coeur de la forêt domaniale de La Londe/Rouvray. Ce parcours est accessible à tous, sans difficulté majeure. Il vous emmenera par delà la forêt départementale du Madrillet, ;Adultes, Familles, Randonneurs
5263;Au Fil des Châteaux;activity;olo:OrderedList, PointOfInterest, Tour, WalkingTour;"Le GR212® vous mènera jusqu'à Imbleville où se dresse le Château de la Coutûre, qu'on nomme la ""Perle de la Saâne"". Ses jardins traversés par la rivière sont ouverts au public l'été. Plus loin, à Beauval-en-Caux, vous admirerez le petit patrimoine rural local : puits, chapelles et églises. Le GR212®";Adultes, Familles, Randonneurs
5267;Les étangs de Lamberville;activity;PlaceOfInterest, PointOfInterest, SportsAndLeisurePlace;À Lamberville venez profiter d'une activité nature avec l'Association les Étangs de Lamberville. Notre association vous propose 3 espaces de pêche à la truite sur une surface de 15000 m2 de verdure et de nature. Vous pourrez pêcher des truites sans... À Lamberville venez profiter d'une activité natu;Adolescents, Adultes, Familles, Groupes, PMR
5282;La Varenne et l'Eawy;activity;olo:OrderedList, PointOfInterest, Tour, WalkingTour;Chaussures nouée, sac à dos bien en place et un vêtement chaud en cas de rafraîchissement, vous voici fin prêt à vous lancer sur ce parcours qui fera appel à plusieurs de vos sens : la vue sera utilisée lors du panorama sur les étangs de pêche de Saint-Germain d'Etables, le goût pourra être contenté;Adultes, Enfants, Familles, Randonneurs
5283;Les Terres Romaines;activity;olo:OrderedList, PointOfInterest, Tour, WalkingTour;Au départ de Trouville-Alliquerville, situé au nord du Pays de Caux Vallée de Seine, partez pour une randonnée sportive dans un cadre bucolique. Munis d’une bonne paire de chaussures et d’une bouteille d’eau, vous êtes prêts pour prendre un bon bol d’air ! Au départ de Trouville-Alliquerville, situé;Adultes, Familles, Randonneurs
5310;Circuit de Hocquélus;activity;olo:OrderedList, PointOfInterest, Tour, WalkingTour;nan nan;Adultes, Familles, Randonneurs
5320;Centre équestre de la Scie;activity;schema:LocalBusiness, EquestrianCenter, PlaceOfInterest, PointOfInterest, SportsAndLeisurePlace;Le centre équestre de la Scie vous propose de découvrir l'équitation dans une ambiance conviviale et familiale. Vous serez encadrés par des moniteurs diplômés d'État. De nombreuses activités vous sont proposées : promenades, enseignement du loisir... Le centre équestre de la Scie vous propose de déc;Adultes, Enfants, Familles, Randonneurs
5328;La promenade de la Fontenelle;activity;olo:OrderedList, EducationalTrail, PlaceOfInterest, PointOfInterest, SportsAndLeisurePlace, Tour, WalkingTour;La commune de Saint-Wandrille vous accueille sur ce sentier de 2,5 km aller-retour pour vous faire découvrir les paysages, la faune, la flore et l'histoire d'une charmante petite vallée affluente de la Seine : la Fontenelle. La commune de Saint-Wandrille vous accueille sur ce sentier de 2,5 km aller;Adultes, Enfants, Familles, Groupes scolaires, Randonneurs
5333;Mini-golf - Parc forestier de Montgeon;activity;PlaceOfInterest, PointOfInterest, SportsAndLeisurePlace;Le mini-golf est vraiment une activité facile d’accès pour tous, entre amis ou en famille, à des prix très abordable. Vous passerez un moment très agréable . Ce mini-golf est spécial, en pleine nature dans le parc forestier de Montgeon, un bon bol... Le mini-golf est vraiment une activité facile d’a;Adultes, Familles, Randonneurs
5334;Les Bains Maritimes;activity;NauticalCentre, PlaceOfInterest, PointOfInterest, SportsAndLeisurePlace;Du 1er mai à mi-septembre, les Bains Maritimes mettent à votre disposition des vestiaires, des douches chaudes, des sanitaires et le prêt de matériels pour les personnes à mobilité réduite : tiralos, hippocampes, vélos fauteuils. Des transats sont... Du 1er mai à mi-septembre, les Bains Maritimes me;Adultes, Familles, PMR
5337;Par les Hauts de Fresles;activity;olo:OrderedList, PointOfInterest, Tour, WalkingTour;Une promenade parfaite pour les randonneurs réguliers qui apprécieront les dénivelés de la vallée de la Béthune. Sac sur le dos et chaussures de randonnée aux pieds, c'est parti pour une quinzaine de kilomètres d'itinérance en pays de Bray. On vous conseille plutôt cette balade le matin, lorsque le ;Adultes, Familles, Randonneurs
5339;Complexe hippique - Hippodrome de Bacqueville-en-Caux;activity;schema:LocalBusiness, PlaceOfInterest, PointOfInterest, Racetrack, SportsAndLeisurePlace;La commune de Bacqueville en Caux et le monde du cheval, c’est une vieille histoire ! La société des courses hippiques de Bacqueville, créée en 1891 par le négociant Jules Morel, à l’époque Maire de la commune, est en effet l’une des plus anciennes... La commune de Bacqueville en Caux et le monde du;Adultes, Enfants, Familles
5344;Le Chemin de la Saâne;activity;olo:OrderedList, PointOfInterest, Tour, WalkingTour;Au départ de Quiberville, cette boucle vous invite à quitter le littoral pour découvrir l'arrière-pays et ses vallées. Le long de la Saâne, vous rejoindrez Longueil. Prenez le temps de découvrir son marais pédagogique, sa faune et sa flore et son imposante église ! Au départ de Quiberville, cette bo;Adultes, Familles, Randonneurs
5345;Aire de pique-nique d'Auzouville-sur-Ry;activity;ConvenientService, PicnicArea, PlaceOfInterest, PointOfInterest;Tables de pique-nique situées dans le centre du village, à proximité de la mairie, à côté de la mare Tables de pique-nique situées dans le centre du village, à proximité de la mairie, à côté de la mare;Adultes, Familles
5360;Le Bois des Loges à  VTT;activity;olo:OrderedList, CyclingTour, PointOfInterest, Tour;Découverte au Pays de Caux au départ du train touristique qui permet de relier Etretat. Découverte au Pays de Caux au départ du train touristique qui permet de relier Etretat.;Adultes, Sportifs
5371;Sente aux Fées à VTT;activity;olo:OrderedList, CyclingTour, PointOfInterest, Tour;"Un itinéraire de randonnée VTT sous le signe de la chasse en Pays de Caux. Le premier arrivé en haut du ""Belvédère"" à gagné ! Cette haute bâtisse qui servait pour la chasse, la détente et l'observation, était entouré par le passé de murs de silex. Ceux-ci avaient plusieurs fonctions : ils délimitaie";Adultes, Enfants, Familles, Randonneurs, Sportifs
5386;Sur les traces de Saint-Martin;activity;olo:OrderedList, PointOfInterest, Tour, WalkingTour;Partez pour une agréable balade à la découverte des hameaux de Saint-Martin-du-Manoir ! Partez pour une agréable balade à la découverte des hameaux de Saint-Martin-du-Manoir !;Adultes, Familles, Randonneurs
5388;Complexe aquatique Belle Étoile;activity;schema:LocalBusiness, PlaceOfInterest, PointOfInterest, SportsAndLeisurePlace, SwimmingPool;Le complexe aquatique Belle Étoile vous propose de nombreuses activités. Il comprend un bassin de 25 m avec banquette bouillonnante, canon à eau et geyser. Il est également équipé d'une pataugeoire avec plaque à bulles et champignon à eau A... Le complexe aquatique Belle Étoile vous propose de nombr;Adultes, Enfants, Familles
5392;Casino de Fécamp;activity;PlaceOfInterest, PointOfInterest, SportsAndLeisurePlace;Découvrez le nouveau Casino JOA de Fécamp, un écrin de divertissement qui surplombe le port. Profitez de ses 85 machine à sous, d’un restaurant panoramique savoureux, du Bar des Sports animé, et d’espaces dédiés aux spectacles. Un lieu... Découvrez le nouveau Casino JOA de Fécamp, un écrin de divert;Adultes, Familles
5404;La Chèvre d'Or;activity;olo:OrderedList, PointOfInterest, Tour, WalkingTour;Belle petite boucle dans le plus grand massif forestier de Normandie où vous aurez sûrement la chance de rencontrer des animaux. Avant la balade, vérifiez les périodes de chasse sur le site de l'ONF. Belle petite boucle dans le plus grand massif forestier de Normandie où vous aurez sûrement la chanc;Adultes, Enfants, Familles, Randonneurs
5405;Écurie de la Forêt de Lyons;activity;PlaceOfInterest, PointOfInterest, SportsAndLeisurePlace;A` cheval en pleine nature, le temps d'une balade ou d'un week-end ! À 1 h30 de Paris, 35 minutes de Rouen, au cœur de la Forêt de Lyons, e´vadez-vous, déconnectez ! Accompagnés d’un professionnel du Tourisme Équestre, en toute sécurité, en... A` cheval en pleine nature, le temps d'une balade ou d'u;Adultes, Enfants, Familles, Randonneurs
5410;Silleron et Iclon;activity;olo:OrderedList, PointOfInterest, Tour, WalkingTour;nan nan;Adultes, Familles, Randonneurs
5415;Terre du Lin;activity;olo:OrderedList, PointOfInterest, Tour, WalkingTour;Au fil des chemins, le bleu s’invite doucement dans le paysage. Ici, le lin ne se raconte pas, il se vit. Au départ de la Véloroute du Lin (voie douce de 80km qui traverse le Pays de Caux), vous avancez à votre rythme entre champs ouverts et villages paisibles. Le parcours s’étire sur 12 km, sans di;Adultes, Familles, Randonneurs
5423;Le four à chaux;activity;olo:OrderedList, PointOfInterest, Tour, WalkingTour;Partez en promenade entre le parc éolien et la commune d'Elbeuf-en-Bray, pour une sortie pédestre accessible à tous. Partez en promenade entre le parc éolien et la commune d'Elbeuf-en-Bray, pour une sortie pédestre accessible à tous.;Adultes, Familles, Randonneurs
5433;La Ferme de la Saâne;activity;PlaceOfInterest, PointOfInterest, SportsAndLeisurePlace, TeachingFarm;Située entre Dieppe et Veules les Roses, proche de Quiberville sur Mer, la Ferme de la Saâne vous propose des visites, des goûters et des promenades en calèche. Les plus petits pourront y découvrir les animaux de la ferme. Matinées découverte le... Située entre Dieppe et Veules les Roses, proche de ;Adultes, Enfants, Familles, Groupes scolaires
5442;Gare de Serqueux;activity;schema:TrainStation, PlaceOfInterest, PointOfInterest, TrainStation, Transport;nan nan;Adultes, Familles
5444;Vargas Show équestre;activity;ActivityProvider, CulturalActivityProvider, PlaceOfInterest, PointOfInterest, SportsAndLeisurePlace;Pour tous ceux qui aiment les chevaux, venez découvrir le Vargas Show équestre, situé à 10 km de Forges-les-Eaux. Un spectacle tout en douceur dans le respect du cheval. Pour tous ceux qui aiment les chevaux, venez découvrir le Vargas Show équestre, situé à 10 km de Forges-les-Eaux. Un spectacle tou;Adultes, Enfants, Familles
5445;Attelage de la Jumenterie des Néfliers;activity;PlaceOfInterest, PointOfInterest, SportsAndLeisurePlace, TeachingFarm;La Jumenterie des Néfliers vous propose avec nos courageux chevaux, Cador le percheron noir et Bayard le Cob Normand Bai • Des promenades thématiques : les châteaux et manoirs, la vallée de la Ganzeville, l'activité agricole….avec pause goûter... La Jumenterie des Néfliers vous propose avec nos cour;Adultes, Enfants, Familles, Groupes scolaires, Randonneurs
5447;Base Sports de Nature d'Hénouville;activity;PlaceOfInterest, PointOfInterest, SportsAndLeisurePlace;La structure propose des prestations activités sports de pleine nature , plusieurs salles de réunions conviviales et une capacité d'hébergements de 34 couchages. La Base Sports de Nature d'Hénouville propose de nombreuses activités pour les groupes,... La structure propose des prestations activités ;Adolescents, Adultes, Débutants, Familles, Groupes, Sportifs
5451;Labyrinthe de l'Estuaire;activity;schema:AmusementPark, PlaceOfInterest, PointOfInterest, SportsAndLeisurePlace, ThemePark;Pars à l’aventure dans les immenses allées du labyrinthe ! Une énigme à résoudre en famille au cœur d’un champ de maïs de 50 000 m². Un jeu de piste ludique et familial accessible dès 4 ans et adapté pour toute la famille. En 2025, les sorcières... Pars à l’aventure dans les immenses allées du labyr;Adultes, Enfants, Familles, Randonneurs
5453;Le Rougemont;activity;olo:OrderedList, PointOfInterest, Tour, WalkingTour;nan nan;Adultes, Familles, Randonneurs
5458;Bateau Ecole ITAG Port à sec;activity;PlaceOfInterest, PointOfInterest, SportsAndLeisurePlace;Possibilité de formation en une semaine ou un WE les permis suivants à partir de 16 ans : - permis côtier ou permis fluvial (en semaine) : 300€ TTC - permis côtier ou permis fluvial (en WE) : 350€ TTC - permis hauturier (extension au permis... Possibilité de formation en une semaine ou un WE les per;Adultes, Familles
5464;Le Lihut à cheval;activity;olo:OrderedList, HorseTour, PointOfInterest, Tour;Sur cet itinéraire, vous retrouverez un parcours pédagogique sur les arbres de la forêt d’Eawy. Vous passerez en lisière du carcahoux, hutte emblématique de la Forêt d’Eawy. Sur cet itinéraire, vous retrouverez un parcours pédagogique sur les arbres de la forêt d’Eawy. Vous passerez en lisière du ca;Adultes, Enfants, Familles
5467;Parc éolien en mer;activity;schema:LocalBusiness, PlaceOfInterest, PointOfInterest, SightseeingBoat, SportsAndLeisurePlace;Venez vivre une expérience unique et immersive lors de nos visites commentées de 2h à bord du navire Normandy ! Embarquez pour une aventure maritime inédite et partez à la découverte du Parc éolien en mer de Fécamp, un site innovant et... Venez vivre une expérience unique et immersive lors de nos vi;Adultes, Familles
5468;Circuit la Vallée de Ganzeville;activity;olo:OrderedList, CyclingTour, PointOfInterest, Tour;Ce circuit vous fera traverser un petit village typique anisi que deux vallées aussi belles que différentes. Vous pourrez profiter de la vue sur la vallée de la Ganzeville où serpente la rivière éponyme et apprécier le village de Ganzeville avec ses vestiges historiques et ses légendes. Ce circuit v;Adultes, Sportifs
5470;Base nautique de Saint-Aubin-sur-Mer;activity;PlaceOfInterest, PointOfInterest, SportsAndLeisurePlace;Observer le vent s’engouffrer dans la voile, écouter les coquillages croustiller sous les roues, sentir la brise sur son visage… Les amoureux de grands espaces, débutants ou confirmés, pourront découvrir de nouvelles sensations de vitesse... Observer le vent s’engouffrer dans la voile, écouter les c;Adultes, Débutants, Familles
5473;"Le Château d'Eau ""Fleur de Lin""";activity;olo:OrderedList, PointOfInterest, Tour, WalkingTour;Autour d’un point culminant du Pays de Caux (147 m) parcours entre plateau et vallons, empruntez le GR 211b à la découverte du patrimoine cauchois. Autour d’un point culminant du Pays de Caux (147 m) parcours entre plateau et vallons, empruntez le GR 211b à la découverte du patrimoine cauchois.;Adultes, Familles, Randonneurs
5489;La Chapelle d'Hodeng à VTT;activity;olo:OrderedList, CyclingTour, PointOfInterest, Tour;Cette petite boucle de randonnée, accessible à tous, est parfaite pour les familles et vous permettra de contempler les paysages typiques de la boutonnière du Pays de Bray. Cette petite boucle de randonnée, accessible à tous, est parfaite pour les familles et vous permettra de contempler les paysage;Adultes, Randonneurs, Sportifs
5492;Les Terres de l'Abbaye;activity;olo:OrderedList, PointOfInterest, Tour, WalkingTour;Ce circuit vous emmène à la découverte des multiples ambiances du village de Jumièges. Ce circuit vous emmène à la découverte des multiples ambiances du village de Jumièges.;Adultes, Familles, Randonneurs
5494;Autour de Guernesey à VTT;activity;olo:OrderedList, CyclingTour, PointOfInterest, Tour;Courte boucle qui permet de découvrir la campagne du Pays de Caux. Courte boucle qui permet de découvrir la campagne du Pays de Caux.;Adultes, Sportifs
5496;Ecurie du Val au Cesne;activity;schema:LocalBusiness, EquestrianCenter, PlaceOfInterest, PointOfInterest, SportsAndLeisurePlace;L'écurie du Val au Cesne vous accueille dans un cadre familial et sur un site exceptionnel. Pendant ce moment d'évasion, vous pourrez prendre soin de votre monture (brosser, seller...) pour ensuite partir à cheval découvrir une vallée naturelle et... L'écurie du Val au Cesne vous accueille dans un c;Adultes, Enfants, Familles, Randonneurs
5497;La Vélomaritime® - EuroVelo 4;activity;olo:OrderedList, CyclingTour, PointOfInterest, Tour;Du Tréport au Havre, en Seine-Maritime la Vélomaritime® déroule un parcours cyclable le long du littoral de la Manche. Elle offre une mosaïque de points de vue exceptionnels. Attention, ici pas de voies uniquement dédiées aux vélo mais de petites routes apaisées qui traversent des paysages à couper ;Adultes, Enfants, Familles, Sportifs
5504;La Forêt du Hellet à VTT;activity;olo:OrderedList, CyclingTour, PointOfInterest, Tour;C'est un coup de cœur pour cette agréable boucle de randonnée VTT en partie ombragée par les arbres majestueux de la forêt du Hellet, au nord de la commune de Mesnières-en-Bray.Un casque, une bonne tenue, des lunettes et à vous le grand air ! Nous vous conseillons vivement ce circuit pour la variété;Adultes, Randonneurs, Sportifs
5524;Au fil de l'Eaulne;activity;olo:OrderedList, PointOfInterest, Tour, WalkingTour;Une randonnée aux points de vue remarquables sur la Vallée de l'Eaulne. Une randonnée aux points de vue remarquables sur la Vallée de l'Eaulne.;Adultes, Familles, Randonneurs
5531;Piscine du Club Nautique Havrais;activity;PlaceOfInterest, PointOfInterest, SportsAndLeisurePlace;Le Club Nautique Havrais est une association loi 1901, reconnue d'utilité public, dont le but est la pratique de la natation, du water-polo et de la natation synchronisée. La piscine du Club Nautique Havrais dispose d'une piscine olympique de 50 m,... Le Club Nautique Havrais est une association loi;Adultes
5532;Office de Tourisme Aumale/Blangy-sur-Bresle - Bureau de Blangy-sur-Bresle;activity;schema:TouristInformationCenter, LocalTouristOffice, PlaceOfInterest, PointOfInterest, TouristInformationCenter;nan C'est avec plaisir que l'équipe vous accueille toute l'année. Véritable territoire de nature avec une profonde richesse verrière, l'Office de Tourisme communautaire Aumale - Blangy-sur-Bresle vous accompagne dans la découverte des richesses qu'offre ce petit bout de Normandie en étant à deux pas;Adultes, Familles
5545;Étretat Aventure - Parc Accrobranche;activity;PlaceOfInterest, PointOfInterest, SportsAndLeisurePlace;Dans un parc de 6 hectares entre Etretat et Fécamp, Etretat Aventure vous propose différentes activités : accrobranches (5 parcours à partir de 3 ans), 3 tyroliennes géantes (jusqu'à 220 m). A vous les sensations fortes ! Le parc dispose aussi d'un... Dans un parc de 6 hectares entre Etretat et Féca;Adultes, Enfants, Familles
5549;Circuit de la Motte Brune;activity;olo:OrderedList, CyclingTour, PointOfInterest, Tour;nan nan;Adultes, Sportifs
5555;Aire de pique-nique de Ry;activity;ConvenientService, PicnicArea, PlaceOfInterest, PointOfInterest;5 tables de pique-nique à côté de l'Office de Tourisme au bord de la rivière du Crevon. Petit préau à proximité en cas de pluie. Tous commerces à proximité et marché de produits du terroir le samedi matin. 5 tables de pique-nique à côté de l'Office de Tourisme au bord de la rivière du Crevon. Petit ;Adultes, Familles
5566;Pasino Partouche Le Havre;activity;PlaceOfInterest, PointOfInterest, SportsAndLeisurePlace;Classé Monument Historique, le Pasino du Havre vous ouvre ses portes tous les jours, de 9h à 4h : venez découvrir un véritable lieu de divertissement, en plein cœur de la ville ! Le Pasino est le lieu idéal pour s'amuser et vivre des moments... Classé Monument Historique, le Pasino du Havre vous ouv;Adultes, Familles
5567;De Yainville à Jumièges à VTT;activity;olo:OrderedList, CyclingTour, PointOfInterest, Tour;Ce parcours vous fera découvrir les liens historiques qui relient les communes de Yainville et de Jumièges. Ce parcours vous fera découvrir les liens historiques qui relient les communes de Yainville et de Jumièges.;Adultes, Familles, Sportifs
5587;Circuit de la Béthune;activity;olo:OrderedList, CyclingTour, PointOfInterest, Tour;Depuis Forges-les-Eaux partez sur les routes brayonnes pour une randonnée de 34 km où vous pourrez vous arrêter à de superbes panoramas ou encore dans des fermes. Depuis Forges-les-Eaux partez sur les routes brayonnes pour une randonnée de 34 km où vous pourrez vous arrêter à de superbes panoramas o;Adultes, Enfants, Familles, Randonneurs, Sportifs
5591;Espace de loisirs de Montville;activity;schema:LocalBusiness, LeisureComplex, PlaceOfInterest, PointOfInterest, SportsAndLeisurePlace;A deux pas du bourg de Montville, dans un cadre verdoyant et attractif, l’Espace de loisirs vous accueille et vous propose de nombreuses activités à vivre entre amis ou en famille. Profitez d’un plan d’eau de 3 hectares idéal pour le canotage, d’un... A deux pas du bourg de Montville, dans un cadre ;Adultes, Enfants, Familles, Sportifs
5598;Circuit du duché;activity;olo:OrderedList, CyclingTour, PointOfInterest, Tour;Cette randonnée à vélo vous permettra de découvrir la Vallée de la Varenne et la Vallée de la Scie riches de leurs richesses naturelles : innombrables étangs et paysages verdoyants, profitez de cette randonnée au coeur de la Normandie. Cette randonnée à vélo vous permettra de découvrir la Vallée de ;Adultes, Randonneurs, Sportifs
5603;La Maison SPA by La Tour aux Crabes;activity;PlaceOfInterest, PointOfInterest, SportsAndLeisurePlace;En plein cœur du site de la Tour Aux Crabes, vivez une nouvelle expérience dans ce lieu unique. Havre de paix et de détente, La Maison SPA vous accueille dans un univers naturel et relaxant. Elle est dotée d'une piscine avec jets d'eau, d'un... En plein cœur du site de la Tour Aux Crabes, vivez une ;Adultes, Familles
5604;La Roulée à VTT;activity;olo:OrderedList, CyclingTour, PointOfInterest, Tour;Une petite balade à VTT de 6 km au départ d'Argueil, non loin de Forges-les-Eaux, qui vous fera découvrir les paysages remarquables du Pays de Bray : champs de blé et de coquelicots, vastes prairies fleuries et sous-bois mystérieux. Prenez votre gourde, mettez votre casque et enfourchez votre VTT et;Adultes, Familles, Randonneurs, Sportifs
5605;Circuit des Crêtes;activity;olo:OrderedList, PointOfInterest, Tour, WalkingTour;Un parcours en partie au fil de l'eau qui vous emmènera sur la route des Moulins... Un parcours en partie au fil de l'eau qui vous emmènera sur la route des Moulins...;Adultes, Familles, Randonneurs
5622;Casino de Saint-Valery-en-Caux;activity;PlaceOfInterest, PointOfInterest, SportsAndLeisurePlace;Situé à proximité de la mer, le Casino de Saint-Valery-en-Caux vous offre une superbe vue panoramique sur la Côte d'Albâtre. Dans un décor moderne, profitez des nombreuses activités du casino : machines à sous, roulette, black jack, stud poker,... Situé à proximité de la mer, le Casino de Saint-Vale;Adultes
5624;Mont Madame à cheval;activity;olo:OrderedList, HorseTour, PointOfInterest, Tour;Idéal pour une matinée ou une après-midi en forêt, cette boucle équestre vous conduira à travers la Forêt d'eu à la découverte de ses poteaux indicateurs. Ceux-ci présentent la particularité d'être en fonte, ce qui les rend unique en France !Sur votre chemin, prenez le temps d'observer le Château de;Adultes, Enfants
5646;Sur les pas de Jehan le Povremoyne;activity;olo:OrderedList, PointOfInterest, Tour, WalkingTour;Retrouvez les chemins et le patrimoine qui ont inspiré cet écrivain cauchois natif de Robertot. Retrouvez les chemins et le patrimoine qui ont inspiré cet écrivain cauchois natif de Robertot.;Adultes, Familles, Randonneurs
5653;Le Puy-Valet;activity;olo:OrderedList, PointOfInterest, Tour, WalkingTour;Par de jolies petites routes, vous sillonnerez la campagne à la découverte de châteaux et domaines majestueux ! Par de jolies petites routes, vous sillonnerez la campagne à la découverte de châteaux et domaines majestueux !;Adultes, Familles, Randonneurs
5659;La Grange Dimière;activity;olo:OrderedList, PointOfInterest, Tour, WalkingTour;Au départ de la grande Dîmière, sillonnez les communes d’Auzouville-l’Esneval et de Saint-Martin-aux-Arbres Au départ de la grande Dîmière, sillonnez les communes d’Auzouville-l’Esneval et de Saint-Martin-aux-Arbres;Adultes, Familles, Randonneurs
5660;La Mésange;activity;olo:OrderedList, PointOfInterest, Tour, WalkingTour;Située au fond de la boutonnière du Pays de Bray, cette boucle en plaine permet de sillonner tout autour du Mont Hurel. Située au fond de la boutonnière du Pays de Bray, cette boucle en plaine permet de sillonner tout autour du Mont Hurel.;Adultes, Familles, Randonneurs
5673;L'Arbalète et le Bosmelet à VTT;activity;olo:OrderedList, CyclingTour, PointOfInterest, Tour;Si vous êtes sportif et que vous aimez le grand air, alors cette boucle VTT est faite pour vous ! Munissez vous d'un casque et d'une bouteille d'eau, les montées seront bien présentes mais l'effort en vaut le coût ! Au départ de l'église de Vassonville, vous empruntez le tracé du GR 210 dit du Chass;Adultes, Familles, Sportifs
5674;La Vague Normande Événement;activity;NauticalCentre, PlaceOfInterest, PointOfInterest, SportsAndLeisurePlace;La Vague Normande Événement s’est imposée comme experte en organisation d’épreuves de compétitions, de manifestations nautiques, de grands évènements. Ce pôle d’activité est organisé autour de compétences et de savoir-faire issus de la Ligue de... La Vague Normande Événement s’est imposée comme expe;Adultes, Familles
5707;La Corbière au Pont Rouge;activity;olo:OrderedList, PointOfInterest, Tour, WalkingTour;Cette randonnée doit son nom au centre équestre de la Corbière que vous croiserez en chemin. Plus loin, votre parcours vous emmènera à la petite chapelle Notre Dame. Enfin en revenant au point de départ, vous emprunterez le GR 210 dit du Chasse Marée. Cet itinéraire servait auparavant à amener le po;Adultes, Familles, Randonneurs
5712;Carrière d'entraînement et de compétition;activity;schema:LocalBusiness, EquestrianCenter, PlaceOfInterest, PointOfInterest, SportsAndLeisurePlace;A Bacqueville-en-Caux venez découvrir une carrière de sable et géotextile, équipée d’obstacles, ouverte toute l'année et éclairée pour vos entraînements. Le complexe hippique Bacquevillais c'est: -une carrière de 4000 m2 (80x50) et une carrière de... A Bacqueville-en-Caux venez découvrir une carrièr;Adultes, Enfants, Familles
5717;Alizé Montgolfière;activity;ActivityProvider, LeisureSportActivityProvider, PlaceOfInterest, PointOfInterest, SportsAndLeisurePlace;Découvrez et survolez le pays de Caux en montgolfière au départ de Goderville. Afin que ce jour reste mémorable, nous vous proposons de participer à toutes les étapes du vol : mise en oeuvre de la montgolfière, vol, échanges avec vos coéquipiers... Découvrez et survolez le pays de Caux en montgolfiè;Adultes, Familles
5730;Touches d'Histoire;activity;PlaceOfInterest, PointOfInterest, SportsAndLeisurePlace;Touches d’Histoire est une agence de médiation culturelle, et plus particulièrement de valorisation des patrimoines, de l'histoire et de l'art à destination de toutes et tous. Proposant des prestations adaptées à vos projets ou sur catalogue,... Touches d’Histoire est une agence de médiation culture;Adultes, Familles
5735;La Plaine du Maucomble à VTT;activity;olo:OrderedList, CyclingTour, PointOfInterest, Tour;Entre plaine et forêt, cet itinéraire est parfait pour les longues balades dominicales. Sur votre retour, vous emprunterez le chemin du chasse-marée, témoignage de l’activité commerciale maritime d’antan. Entre plaine et forêt, cet itinéraire est parfait pour les longues balades dominicales. Sur vot;Adultes, Familles, Randonneurs, Sportifs
5750;Le Petit Bois de Saint-Laurent à cheval;activity;olo:OrderedList, HorseTour, PointOfInterest, Tour;Un agréable parcours équestre entre plaines, forêts et champs au départ de l'église paroissiale Saint-Laurent.En chemin, ne manquez pas de faire une pause au niveau de l'arboretum de la Réserve de la Sittelle, une aire de pique-nique y est prévue pour votre confort. Un agréable parcours équestre ent;Adultes, Enfants, Familles
5754;La route des Roches et des Crêtes;activity;olo:OrderedList, PointOfInterest, RoadTour, Tour;Cette balade est intégralement effectuée dans la Métropole de Rouen et pourtant, vous n’aurez pas l'impression d’être en ville avec ce tracé qui longe la Seine et emprunte les nombreux lacets des différentes côtes de la ville. Cette balade est intégralement effectuée dans la Métropole de Rouen et po;Adultes, Familles, Randonneurs
5755;Office de tourisme Destination Le Tréport-Mers - Bureau d'accueil touristique du Tréport Plaisance;activity;schema:TouristInformationCenter, LocalTouristOffice, PlaceOfInterest, PointOfInterest, TouristInformationCenter;nan Situé à l’entrée de la ville sur le quai principal, à côté du port de pêche et de plaisance, l’Office de Tourisme est ouvert toute l’année. C’est dans un cadre chaleureux qu’une équipe multilingue vous accueille et vous accompagne dans la préparation de votre séjour. Boutique de souvenirs et pro;Adultes, Familles
5763;Aire de pique-nique de Fontaine-le-Bourg;activity;ConvenientService, PicnicArea, PlaceOfInterest, PointOfInterest;Située en face de la boulangerie. Stade avec jeux pour les petits et terrain de sport pour les plus grands Située en face de la boulangerie. Stade avec jeux pour les petits et terrain de sport pour les plus grands;Adultes, Familles
5764;Les Houx;activity;olo:OrderedList, PointOfInterest, Tour, WalkingTour;Vous serez séduit par le paysage varié entre forêt, vallon, village et hameaux. Pigeonniers et Château de la Reine Blanche sont à découvrir au cours de cette randonnée. A quelques mètres du circuit, l'Espace Naturel de la Roselière de Normanville est un site à ne pas manquer. Vous serez séduit par l;Adultes, Familles, Randonneurs
5781;Autour du Cap;activity;olo:OrderedList, PointOfInterest, Tour, WalkingTour;Ancien village de pêcheurs, Sainte-Adresse a de nombreux atouts qui ont fait d'elle un site privilégié par les grands peintres tels que Monet, Dufy, Corot ou encore Stevens. Aujourd'hui commune résidentielle bourgeoise, elle incarne l'esprit balnéaire. Ses falaises, son Cap de la Hève, sa longue pla;Adultes, Familles, Randonneurs
5782;Le Port d'Yville;activity;olo:OrderedList, PointOfInterest, Tour, WalkingTour;Cette randonnée vous fera découvrir le château d'Yville sur Seine, bijou architectural du XVIIIème siècle et vous permettra de profiter des bords de Seine. Cette randonnée vous fera découvrir le château d'Yville sur Seine, bijou architectural du XVIIIème siècle et vous permettra de profiter des bord;Adultes, Familles, Randonneurs
5792;Golf d'Étretat;activity;schema:GolfCourse, GolfCourse, PlaceOfInterest, PointOfInterest, SportsAndLeisurePlace;Centenaire célébré en 2008, le golf d’Etretat est classé régulièrement parmi les meilleurs golfs français. La beauté de son parcours, son prestigieux trou n° 10 et sa vue imprenable sur la mer à chacun de ses 18 trous ne sont pas ses seules... Centenaire célébré en 2008, le golf d’Etretat est classé;Adultes, Familles
5806;La Truite du Buisson;activity;PlaceOfInterest, PointOfInterest, SportsAndLeisurePlace;Situé à 10 minutes de Blangy-sur-Bresle, entre Foucarmont et Grandcourt, la Truite du Buisson vous propose de découvrir la pêche loisirs dans un magnifique cadre de verdure avec ses 5 étangs de pêche vous sont proposés : 4 bassins pour la truite ... Situé à 10 minutes de Blangy-sur-Bresle, entre Fou;Adultes, Familles
5814;La Plaine du Maucomble;activity;olo:OrderedList, PointOfInterest, Tour, WalkingTour;Entre plaine et forêt, cet itinéraire est parfait pour les longues balades dominicales. Sur votre retour, vous emprunterez le chemin du chasse-marée, témoignage de l’activité commerciale maritime d’antan. Entre plaine et forêt, cet itinéraire est parfait pour les longues balades dominicales. Sur vot;Adultes, Familles, Randonneurs
5822;Jumpilou;activity;schema:AmusementPark, PlaceOfInterest, PointOfInterest, SportsAndLeisurePlace, ThemePark;A 10 minutes du Havre, Jumpilou est une aire de jeux de plus de 1200 m² pour les enfants de 1 à 12 ans avec différents paysages (jungle, savane, toboggan géant, dune et monde aquatique). A 10 minutes du Havre, Jumpilou est une aire de jeux de plus de 1200 m² pour les enfants de 1 à 12 ans avec diffé;Adultes, Enfants, Familles
5829;Port de Plaisance de Fécamp;activity;Marina, PlaceOfInterest, PointOfInterest, SportsAndLeisurePlace;A deux heures de Paris, au cœur de la ville, le port de plaisance de Fécamp situé sur la côte d'Albâtre vous offre un cadre nautique exceptionnel à quelques minutes d'Étretat. Comprenant le port de plaisance, le port de commerce et le port de... A deux heures de Paris, au cœur de la ville, le port d;Adultes, Familles
5831;Gare de Morgny-la-Pommeraye;activity;schema:TrainStation, PlaceOfInterest, PointOfInterest, TrainStation, Transport;nan nan;Adultes, Familles
5842;Casino de Veulettes-sur-Mer;activity;PlaceOfInterest, PointOfInterest, SportsAndLeisurePlace;Black Jack, roulette anglaise et black jack électronique, texas hold'em poker et 60 machines à sous. Ouvert dès 10h. Bar et restaurant. Black Jack, roulette anglaise et black jack électronique, texas hold'em poker et 60 machines à sous. Ouvert dès 10h. Bar et restaurant.;Adultes
5844;La Côte d’Orimont;activity;olo:OrderedList, PointOfInterest, Tour, WalkingTour;Ce circuit de 12,2 km (dont 7,1 km sur chemin) traverse des hameaux au patrimoine étonnant (châteaux, chaumières...) en passant par les côtes et les chemins du plateau. Ce circuit de 12,2 km (dont 7,1 km sur chemin) traverse des hameaux au patrimoine étonnant (châteaux, chaumières...) en passant par;Adultes, Familles, Randonneurs
5845;Caux Seine Normandie tourisme - Abbaye du Valasse;activity;schema:TouristInformationCenter, LocalTouristOffice, PlaceOfInterest, PointOfInterest, TouristInformationCenter;"nan Siège opérationnel de Caux Seine Tourisme. Ne reçoit pas de public. Le point info de l'Abbaye se situe au Salon de Thé "" La Laiterie"" au rez-de-chaussée de l'Abbaye. C’est au cœur du cadre prestigieux de l’Abbaye du Valasse que l’équipe de Caux Seine Normandie Tourisme déploie son énergie et son";Adultes, Familles
5868;Office de tourisme Terroir de Caux - bureau de Quiberville;activity;schema:TouristInformationCenter, LocalTouristOffice, PlaceOfInterest, PointOfInterest, TouristInformationCenter;nan L’Office de Tourisme terroir de Caux vous accueille toute l'année, côté campagne à Auffay et côté plage à Quiberville-sur-Mer. Vous découvrirez une région riche en diversité avec son patrimoine chargé d'histoires, ses villages, ses jardins, ses nombreux chemins de randonnées et ses produits du t;Adultes, Familles, Randonneurs
5869;Les Explorateurs;activity;PlaceOfInterest, PointOfInterest, SportsAndLeisurePlace;Les Explorateurs c'est un bar et une salle de loisirs en réalité virtuelle répartie sur 250m² dans l’hyper centre de Rouen, un cadre unique mélangeant décoration industriel abandonnée et nature. Au rez de chaussée un bar où sont organisées des... Les Explorateurs c'est un bar et une salle de loisirs;Adultes, Familles
5878;Boucle VTT de Caudebec-en-Caux;activity;olo:OrderedList, CyclingTour, PointOfInterest, Tour;Un itinéraire de randonnée aménagé pour les amateurs de VTT et beaux paysages. Pour eux, la Vallée de Seine se dévoile! Un itinéraire de randonnée aménagé pour les amateurs de VTT et beaux paysages. Pour eux, la Vallée de Seine se dévoile!;Adultes, Familles, Randonneurs, Sportifs
5880;Étangs du Camping de la Vallée;activity;PlaceOfInterest, PointOfInterest, SportsAndLeisurePlace;Sur le site du camping de la vallée, profitez des étangs de pêche dans un cadre idyllique. Pêche sans permis, cartes à la demi-journée ou à la journée. Dans ces étangs vous pourrez venir en famille, seul ou entre amis pêcher la carpe, le gardon ou... Sur le site du camping de la vallée, profitez des;Adultes, Enfants, Familles
5885;Héliberté Hélicoptères;activity;PlaceOfInterest, PointOfInterest, SportsAndLeisurePlace;Compagnie aérienne agrée, Héliberté Hélicoptères possède une flotte de 14 hélicoptères permettant de répondre à tous types de demandes : vols touristiques, transferts, vols taxis, groupes, entreprises et particuliers. La satisfaction client est... Compagnie aérienne agrée, Héliberté Hélicoptères pos;Adultes, Groupes
5886;Le Petit Bois de Saint-Laurent à VTT;activity;olo:OrderedList, CyclingTour, PointOfInterest, Tour;Ce circuit VTT vous conduira entre plaines, forêts et champs au départ de l'église paroissiale Saint-Laurent.Envie d'une petite pause ? Une aire de pique-nique est disposée au niveau de l'arboretum de la Réserve de la Sittelle, allez y jeter un coup d’œil ! Ce circuit VTT vous conduira entre plaines;Adultes, Sportifs
5888;Escape Game Insolite - Opération CROSSBOW;activity;PlaceOfInterest, PointOfInterest, SportsAndLeisurePlace;Découvrez un jeu inédit et unique à l'intérieur d'un blockhaus de la Seconde Guerre Mondiale. Plongez dans l'histoire en profitant d'une expérience 100% immersive et découvrez le patrimoine militaire historique différemment . En famille, entre amis... Découvrez un jeu inédit et unique à l'intérieur ;Adultes, Familles
5889;La Chouette;activity;olo:OrderedList, PointOfInterest, Tour, WalkingTour;nan nan;Adultes, Familles, Randonneurs
5894;Office de Tourisme des 4 Rivières en Bray - Bureau de Gournay-en-Bray;activity;schema:TouristInformationCenter, LocalTouristOffice, PlaceOfInterest, PointOfInterest, TouristInformationCenter;nan Toute l'équipe de l'Office de Tourisme des 4 Rivières en Bray vous accueille toute l'année, vous conseille et vous accompagne dans la découverte de son territoire : les 4 Rivières, un grand bol d’air dans le Pays de Bray! Son histoire, son patrimoine & sa nature rythmeront vos escapades. Dépayse;Adultes, Familles
5897;Gare de Saint-Aubin-sur-Scie;activity;schema:TrainStation, PlaceOfInterest, PointOfInterest, TrainStation, Transport;nan nan;Adultes, Familles
5900;Héli Évènements;activity;PlaceOfInterest, PointOfInterest, SportsAndLeisurePlace;"Compagnie aérienne d’Hélicoptère ""Rouen - Deauville - Caen"" Réactivité, qualité et sécurité sont nos maîtres-mots! Spécialiste de la région Normande depuis 2004, nous vous proposons une offre touristique variée, avec des circuits partant à la... Compagnie aérienne d’Hélicoptère ""Rouen - Deauville - ";Adultes
5904;Le Goulet;activity;olo:OrderedList, PointOfInterest, Tour, WalkingTour;Cet itinéraire vous plongera dans la forêt d’Eawy et vous emmènera à la découverte des hameaux de la commune des Grandes-Ventes. Il sera possible en fonction des saisons d’apercevoir à proximité de la route forestière du « Four Coffard » un élevage de bisons et de cerfs. Cet itinéraire vous plongera;Adultes, Enfants, Familles, Randonneurs
5910;TOROPARK Indoor;activity;PlaceOfInterest, PointOfInterest, SportsAndLeisurePlace;Avec un équipement LASERTAG dernière génération, le TOROPARK Indoor a le plaisir de vous proposer des parties de folie, à travers une arène de 800m² sur 2 étages. Défendez votre base ! Capturez les drapeaux et éliminez les joueurs adverses . Posez... Avec un équipement LASERTAG dernière génération, ;Adolescents, Adultes, Familles
5917;Autour de Bully;activity;olo:OrderedList, PointOfInterest, Tour, WalkingTour;Cette randonnée porte bien son nom, chaussures aux pieds vous voilà invités à découvrir le village de Bully, en plein Pays de Bray. C’est parti pour une balade durant 1h30 entre plaines et chemins creux. Au départ de l’église, suivez le balisage qui vous emmène sur les hauteurs de Bully. N’hésitez p;Adultes, Débutants, Enfants, Familles, Randonneurs
5920;Parcours dans les arbres - Base de loisirs de Jumièges-Le Mesnil;activity;ActivityProvider, PlaceOfInterest, PointOfInterest, SportsAndLeisurePlace;Venez profiter du parcours dans les arbres qui comprend : le parcours filets et les 2 parcours accrobranche pour les enfants. Le parcours filet compte 7 plateformes suspendus dans les arbres ! Cette activité est très appréciée par les petits (à... Venez profiter du parcours dans les arbres qui compr;Adultes, Enfants, Familles
5923;Autour du Château de Galleville;activity;olo:OrderedList, PointOfInterest, Tour, WalkingTour;"Cette boucle balisée vous invite à découvrir les environs de Doudeville, la ""Capitale du lin"" et trois de ses hameaux. Sur votre route vous pourrez admirer l'incontournable Château de Galleville avec son parc et ses dépendances. En période de floraison, contemplez la magnifique teinte bleutée des ch";Adultes, Familles, Randonneurs
5924;Montigny à VTT;activity;olo:OrderedList, CyclingTour, PointOfInterest, Tour;Idéale pour une balade en famille, cette boucle rurale de 6,5 km n’est pas prête de vous décevoir ! Un voyage au cœur de la vallée de la Scie, entre le vieux bois de Montigny et les champs typiques du Pays de Caux, où le temps est comme suspendu. Vous ne pourrez qu’être séduit par cette belle rando ;Adultes, Familles, Randonneurs, Sportifs
5929;Espace Aventures Normandie;activity;PlaceOfInterest, PointOfInterest, SportsAndLeisurePlace;Espace Aventures vous propose des parcours aventures accessibles à tous. A partir de 2 ans, grâce au système de ligne de vie continue, vous êtes en sécurité du début à la fin du parcours. Venez découvrir nos 2 nouvelles activités le laser game... Espace Aventures vous propose des parcours aventures ;Adolescents, Adultes, Enfants, Familles
5938;Office de tourisme de la Côte d'Albâtre - Bureau de Saint-Valery-en-Caux;activity;schema:TouristInformationCenter, LocalTouristOffice, PlaceOfInterest, PointOfInterest, TouristInformationCenter;nan L'Office de Tourisme de la Côte d'Albâtre vous accueille dans ses bureaux d'accueil permanents et bureaux d'accueil saisonniers pour vous informer sur les attraits touristiques de son territoire riche et varié et vous conseille dans votre découverte de la Seine-Maritime. L’Office de Tourisme met;Adultes, Familles
5941;Circuit le Petit Essart;activity;olo:OrderedList, PointOfInterest, Tour, WalkingTour;Une vraie échappée verte au cœur de la forêt et à deux pas de Rouen ! C’est possible avec ce circuit de 6 kilomètres, au départ de Grand-Couronne. Vous pensiez tout connaître de la Forêt Domaniale de La Londe-Rouvray ?! Laissez-nous vous prouver le contraire avec cette randonnée ! C’est parti pour u;Adultes, Enfants, Familles, Randonneurs
5943;Maison de la rando et du trail - Caux Seine Normandie tourisme;activity;schema:TouristInformationCenter, LocalTouristOffice, PlaceOfInterest, PointOfInterest, TouristInformationCenter;nan A la Maison de la rando et du trail, vous serez conseillés sur les les activités à faire durant votre séjour, les lieux à visiter, les restaurants, les hébergements, les transports sur place selon vos intérêts. Le bureau est labellisé toutourisme, vos chiens sont donc les bienvenus et pourront s;Adultes, Familles, Randonneurs
5945;Sur les pas de Jehan le Povremoyne à VTT;activity;olo:OrderedList, CyclingTour, PointOfInterest, Tour;Retrouvez les chemins et le patrimoine qui ont inspiré cet écrivain cauchois natif de Robertot. Retrouvez les chemins et le patrimoine qui ont inspiré cet écrivain cauchois natif de Robertot.;Adultes, Sportifs
5947;Ferme équestre l'Écrin de Capucine;activity;PlaceOfInterest, PointOfInterest, SportsAndLeisurePlace;Centre de tourisme équestre et d'équitation éthologique. Balades et randonnées proposées chaque jour de l'enfant (à partir de 3 ans) à l'adulte, du débutant au cavalier confirmé. Chevaux montés sans mor et sans fer, ils vivent en troupeau dans de... Centre de tourisme équestre et d'équitation étholo;Adultes, Débutants, Enfants, Familles, Randonneurs
5957;Chemin des Perets;activity;olo:OrderedList, PointOfInterest, Tour, WalkingTour;Un agréable parcours accessible à tous au départ de Neuf-Marché, qui vous fera découvrir les ruines d'un château fort du XIIème siècle, inscrites aux sites pittoresques du Département de la Seine-Maritime. Une randonnée paisible pour petits et grands ! Un agréable parcours accessible à tous au dépar;Adultes, Enfants, Familles, Randonneurs
5977;Les petits bois à VTT;activity;olo:OrderedList, CyclingTour, PointOfInterest, Tour;Au départ de l'église de Bouchevilliers, cette petite boucle familiale passe par les bois et la cuesta. Eglise, manoirs... Vous découvrirez au fil de votre balade le patrimoine bâti du village. Au départ de l'église de Bouchevilliers, cette petite boucle familiale passe par les bois et la cuesta. Eg;Adultes, Familles, Randonneurs, Sportifs
5996;Les Écuries de Grâce;activity;schema:LocalBusiness, EquestrianCenter, PlaceOfInterest, PointOfInterest, SportsAndLeisurePlace;A Saint-Pierre-Bénouville venez découvrir les Ecuries de Grâce un centre équestre qui saura contenter les grands comme les petits grâce à des randonnées, des balades ou encore des stages de poney pendant les vacances scolaires. C'est également un... A Saint-Pierre-Bénouville venez découvrir les Ecur;Adultes, Enfants, Familles, Randonneurs
5997;Parc du Bocasse;activity;PlaceOfInterest, PointOfInterest, SportsAndLeisurePlace;En plein cœur de la Normandie, le Parc du Bocasse vous propose des attractions incroyables pour toute la famille ! Des attractions à sensations fortes aux manèges et activités pour enfants, en passant par des découvertes féériques et des... En plein cœur de la Normandie, le Parc du Bocasse vous prop;Adultes, Enfants, Familles
6014;Le Chemin du Panorama;activity;olo:OrderedList, PointOfInterest, Tour, WalkingTour;Au départ du centre-ville de Duclair, un chemin vous emmène jusqu'à un panorama aménagé, d'où vous pourrez observer le va-et-vient du bac qui relie les deux rives du fleuve. Puis vous poursuivrez la balade sur un sentier bucolique avant de rejoindre les quais de Seine. Au départ du centre-ville de D;Adultes, Familles, Randonneurs
6033;BigJim Event;activity;PlaceOfInterest, PointOfInterest, SportsAndLeisurePlace;BigJim, c’est avant tout un amoureux des sports mécaniques, désireux de partager son enthousiasme et son expertise avec le plus grand nombre. Son objectif n’est pas seulement de performer, mais de donner envie à chacun de s’essayer à de nouvelles... BigJim, c’est avant tout un amoureux des sports mé;Adultes, Familles
6051;Espace 360 Rouen;activity;PlaceOfInterest, PointOfInterest, SportsAndLeisurePlace;Situé à 15 minutes de Rouen, à Tourville-La-Rivière, Espace 360 vous propose des activités pour tous à partager en famille ou entre amis : le trampoline park avec 2000 m² d'aire de jeux, le bowling de 16 pistes avec un écran géant de 80 m², le... Situé à 15 minutes de Rouen, à Tourville-La-Rivière, ;Adultes, Familles
6054;Piscine intercommunale des Trois Rivières;activity;schema:LocalBusiness, PlaceOfInterest, PointOfInterest, SportsAndLeisurePlace, SwimmingPool;La piscine intercommunale des Trois Rivières s'inscrit dans un cadre agréable et reposant. Son architecture couverte/découverte lui permet de fonctionner durant une longue période de l'année. Cours de natation adulte et enfant, aquagym, aquapalm,... La piscine intercommunale des Trois Rivières s'ins;Adultes, Enfants, Familles
6056;Activités sportives du Domaine de Forges;activity;PlaceOfInterest, PointOfInterest, SportsAndLeisurePlace;Bouger, cultiver votre forme et retrouver des sensations. Petits ou grands, venez découvrir ou pratiquer à votre guise sur une demi-journée différentes activités sportives et de détente au Domaine de Forges : piscine, fitness, hammam, jacuzzi,... Bouger, cultiver votre forme et retrouver des sensati;Adultes
6066;Un Vent de Liberté;activity;olo:OrderedList, PointOfInterest, Tour, WalkingTour;Voilà un circuit qui porte très bien son nom ! Avis aux sportifs amateurs de randonnée, ce circuit est fait pour vous. C’est parti pour une belle boucle à pied qui ne vous laissera pas de marbre. Voilà un circuit qui porte très bien son nom ! Avis aux sportifs amateurs de randonnée, ce circuit est f;Adultes, Familles, Randonneurs, Sportifs
6071;Société des Régates du Havre;activity;PlaceOfInterest, PointOfInterest, SportsAndLeisurePlace;Différentes activités vous sont proposées par l'école de voile de la Société des Régates du Havre de septembre à juin : le jardin des Mers (pour les 4-6 ans), de l'initiation et du perfectionnement sur Optimist (à partir de 8 ans), en dériveur... Différentes activités vous sont proposées par l'école;Adultes, Débutants, Familles
6075;Bracquemont - Piste des Faisans à VTT;activity;olo:OrderedList, CyclingTour, PointOfInterest, Tour;Voici une randonnée idéale pour les adeptes de VTT. En partant, découvrez un petit village typique de la Vallée de la Saâne où le cours d'eau rythme la vie des habitants, puis pédalez à travers le bois de Bracquemont. Le long de votre randonnée VTT, prenez le temps de vous arrêter auprès des panneau;Adultes, Randonneurs, Sportifs
6104;Centre Aquatique Eurocéane;activity;schema:LocalBusiness, PlaceOfInterest, PointOfInterest, SportsAndLeisurePlace, SwimmingPool;La piscine de Mont Saint Aignan, Eurocéane, vous offre un espace dédié à votre vitalité : sauna, hammam, jacuzzi, de nouveaux bassins ludiques intérieurs et extérieurs ainsi qu'un espace forme pour la musculation. Encadrés par des professionnels... La piscine de Mont Saint Aignan, Eurocéane, vous of;Adultes, Enfants, Familles
6106;Gare d'Auffay;activity;schema:TrainStation, PlaceOfInterest, PointOfInterest, TrainStation, Transport;nan nan;Adultes, Familles
6108;Gare de Blangy-sur-Bresle;activity;schema:TrainStation, PlaceOfInterest, PointOfInterest, TrainStation, Transport;nan nan;Adultes, Familles
6121;Les Etangs à cheval;activity;olo:OrderedList, HorseTour, PointOfInterest, Tour;Une courte balade équestre au départ de l'aire de pique-nique des Etangs de Normandeuse, pour les novices d'équitation, comme pour les personnes confirmées. La première moitié du circuit se déroule au fil de l'eau, entre les eaux calmes des étangs et les eaux parfois plus tumultueuses de la Bresle. ;Adultes, Enfants, Familles, Randonneurs
6132;Air Libre Parachutisme;activity;PlaceOfInterest, PointOfInterest, SportsAndLeisurePlace;Que vous soyez débutants ou confirmés, le centre de parachutisme de Dieppe vous propose des baptêmes en parachute, des cours et des stages de parachutisme. Que vous soyez débutants ou confirmés, le centre de parachutisme de Dieppe vous propose des baptêmes en parachute, des cours et des stages de pa;Adultes, Débutants
6136;La Tour Lanterne;activity;olo:OrderedList, PointOfInterest, Tour, WalkingTour;Au fil de ce circuit, vous cheminerez dans la plaine d’Angerville avant de remonter la vallée de la Valmont. Pourquoi ne pas improviser un pique-nique bucolique autour des étangs de Colleville ? Au fil de ce circuit, vous cheminerez dans la plaine d’Angerville avant de remonter la vallée de la Valmo;Adultes, Familles, Randonneurs
6140;Aéroclub de Gravenchon;activity;schema:Airport, Airport, PlaceOfInterest, PointOfInterest, SportsAndLeisurePlace, Transport;Situé sur l'aérodrome de Saint-Romain-de-Colbosc, l'Aéro-Club de Gravenchon vous propose de nombreuses activités : - Des vols en ULM et en avion pour le plaisir - Des formations en ULM (formation ULM multiaxe ) et en avion (brevet de pilote Avion,... Situé sur l'aérodrome de Saint-Romain-de-Colbosc,;Adultes, Débutants, Familles
6152;La Chevauchée en Vallée de Seine;activity;olo:OrderedList, HorseTour, PointOfInterest, Tour;Cet itinéraire bucolique et pittoresque est un vrai dépaysement pour les cavaliers! Saisissant de simplicité et de beauté, il vous emmènera le long des méandres de la Seine, bordés de forêts millénaires et de prestigieuses abbayes. Une invitation à la découverte d'espaces naturels uniques, au cœur d;Adultes, Enfants, Randonneurs
6165;Gare de Barentin;activity;schema:TrainStation, PlaceOfInterest, PointOfInterest, TrainStation, Transport;nan nan;Adultes, Familles
6169;Les Vallons à cheval;activity;olo:OrderedList, HorseTour, PointOfInterest, Tour;Cette boucle vous permettra de profiter de toute la beauté de la forêt. Cette courte promenade est idéale pour un après-midi en famille. Cette boucle vous permettra de profiter de toute la beauté de la forêt. Cette courte promenade est idéale pour un après-midi en famille.;Adultes, Enfants, Familles
6172;Le Chevreuil;activity;olo:OrderedList, PointOfInterest, Tour, WalkingTour;"Allez à la découverte de la Forêt de Lyons, une des plus belles hêtraies d'Europe. Là, vous aurez la possibilité de faire une pause au ""Carrefour du Chevreuil"". Allez à la découverte de la Forêt de Lyons, une des plus belles hêtraies d'Europe. Là, vous aurez la possibilité de faire une pause au ""Car";Adultes, Familles, Randonneurs
6174;Sensas Le Havre;activity;PlaceOfInterest, PointOfInterest, SportsAndLeisurePlace;SENSAS est un divertissement ludo-éducatif qui plonge les participants dans une réalité qu’ils n’arrivent pas à facilement concevoir : le quotidien d’une personne avec un sens déficient, et principalement la vue. En outre, quand on est privé de la... SENSAS est un divertissement ludo-éducatif qui pl;Enfants, Familles, Groupes scolaires
6182;Ferme équestre de Beaufresne;activity;schema:LocalBusiness, EquestrianCenter, PlaceOfInterest, PointOfInterest, SportsAndLeisurePlace;Notre région, c'est la Haute-Normandie, aux confins du Pays de Bray et de la Picardie. Beaufresne est facilement accessible à partir des grandes villes de la région : à 1h de Rouen, 45 mn d'Amiens ou de Beauvais et à moins d'1h30 de Paris. Un... Notre région, c'est la Haute-Normandie, aux confins du;Adultes, Débutants, Enfants, Familles
6187;Le Marais du Trait;activity;olo:OrderedList, EducationalTrail, PlaceOfInterest, PointOfInterest, SportsAndLeisurePlace, Tour, WalkingTour;Le Marais du Trait, un site naturel à découvrir ! Le Marais du Trait, un site naturel à découvrir !;Adultes, Enfants, Familles, Groupes scolaires, Randonneurs
6189;Gomare;activity;olo:OrderedList, HorseTour, PointOfInterest, Tour;Cet itinéraire balisé vous offre des paysages variés : forêt d'Eu, chemins de traverse entourés de haies vives. À Sept-Meules, point de vue sur la vallée de l'Yères et ses côteaux calcaires, églises, moulin avec sa roue à aube toujours en état de marche. Cet itinéraire balisé vous offre des paysages;Adultes, Enfants
6199;La Côte d’Orimont à cheval;activity;olo:OrderedList, HorseTour, PointOfInterest, Tour;Ce circuit de 12,2 km (dont 7,1 km sur chemin) traverse des hameaux au patrimoine étonnant (châteaux, chaumières...) en passant par les côtes et les chemins du plateau. Ce circuit de 12,2 km (dont 7,1 km sur chemin) traverse des hameaux au patrimoine étonnant (châteaux, chaumières...) en passant par;Adultes, Enfants
6207;Des Glycines à la Porte Noire à cheval;activity;olo:OrderedList, HorseTour, PointOfInterest, Tour;Cette promenade à cheval saura ravir les experts et confirmés. Pendant deux heures, venez découvrir le territoire du Lin marqué par l'industrie des décennies passées. Empruntez le GR210 dit du Chasse marée, vous suivrez la rivière pour rejoindre Crosville-sur-Scie et son ancienne linerie devenue auj;Adultes, Enfants, Familles
6218;Autour de Neufchâtel à VTT;activity;olo:OrderedList, CyclingTour, PointOfInterest, Tour;Au départ de l'ancienne gare, c'est parti pour un moment d'efforts sur les hauteurs de Neufchâtel-en-Bray, avant de rejoindre l'Avenue Verte London-Paris au niveau du PN73 à Neuville-Ferrières. Besoin d'une pause ? Profitez de l'aire de repos et du jardins des sens aménagés par la commune le long de;Adultes, Familles, Sportifs
6220;Gomare;activity;olo:OrderedList, PointOfInterest, Tour, WalkingTour;Cet itinéraire balisé vous offre des paysages variés : forêt d'Eu, chemins de traverse entourés de haies vives. À Sept-Meules, point de vue sur la vallée de l'Yères et ses côteaux calcaires, églises, moulin avec sa roue à aube toujours en état de marche. Cet itinéraire balisé vous offre des paysages;Adultes, Familles, Randonneurs
6234;Au cœur d'Arelaune;activity;olo:OrderedList, HorseTour, PointOfInterest, Tour;Une belle boucle qui emmène les cavaliers et leurs montures en plein cœur de la forêt domaniale de Brotonne, anciennement nommée forêt d'Arelaune. Pour les amoureux de la nature, c'est un superbe moyen de découvrir ou de redécouvrir cette forêt royale et sa biodiversité.N'hésitez pas à contacter l'O;Adultes, Enfants, Familles
6245;La bonde;activity;olo:OrderedList, CyclingTour, PointOfInterest, Tour;En plein coeur du Pays de Bray et de l'Avenue Verte London-Paris, découvrez cette boucle vélo de 32 km qui vous fera découvrir les paysages à couper le souffre de la boutonnière. En plein coeur du Pays de Bray et de l'Avenue Verte London-Paris, découvrez cette boucle vélo de 32 km qui vous fera déco;Adultes, Sportifs
6268;Piscine du Cours de la République;activity;schema:LocalBusiness, PlaceOfInterest, PointOfInterest, SportsAndLeisurePlace, SwimmingPool;La piscine du Cours de la République est équipée d'un bassin de natation de 25 m, d'un bassin d'apprentissage, et d'une cafétéria. Des cours de natation, aquagym et aquabike vous sont proposées. La piscine du Cours de la République est équipée d'un bassin de natation de 25 m, d'un bassin d'apprentis;Adultes, Enfants, Familles
6278;Dieppe Scène Nationale;activity;PlaceOfInterest, PointOfInterest, SportsAndLeisurePlace;DSN-Dieppe Scène Nationale est un lieu de diffusion et de soutien à la création du spectacle vivant, proposant par saison plus de 40 spectacles pluridisciplinaires pour petits et grands (théâtre, danse, cirque, musique). DSN c'est aussi une salle de... DSN-Dieppe Scène Nationale est un lieu de diffu;Adultes, Enfants, Familles
6284;La Forêt du Hellet;activity;olo:OrderedList, PointOfInterest, Tour, WalkingTour;Coup de cœur pour cette agréable boucle de randonnée en partie ombragée par les arbres majestueux de la forêt du Hellet, au nord de la commune de Mesnières-en-Bray. Voici une boucle de randonnée que nous vous conseillons vivement pour la variété de paysages qu'elle offre. A l'ambiance confinée de la;Adultes, Familles, Randonneurs
6287;Golf de Dieppe Pourville Normandie;activity;schema:GolfCourse, GolfCourse, PlaceOfInterest, PointOfInterest, SportsAndLeisurePlace;Situé en haut de la falaise, le Golf de Dieppe Pourville procurera du plaisir à tous. Après une dernière vue sur la mer le long du trou n°16, le club-house, à l'architecture anglo-normande, et son bar restaurant vous accueilleront dans une ambiance... Situé en haut de la falaise, le Golf de Dieppe P;Adultes
6299;Plage -Baignade  Les Petites Dalles;activity;schema:CivicStructure, PlaceOfInterest, PlayArea, PointOfInterest, SportsAndLeisurePlace;De magnifiques villas fin 19ème font le charme de ce pittoresque petit hameau niché au creux des falaises. Sur la plage, les cabines blanches longent la jetée. De magnifiques villas fin 19ème font le charme de ce pittoresque petit hameau niché au creux des falaises. Sur la plage, les cabines blanche;Enfants, Familles
6306;Sur le chemin de l'école;activity;olo:OrderedList, CyclingTour, PointOfInterest, Tour;Au cours de cette boucle de randonnée, vous pourrez y admirer de charmants villages typiques du Pays de Caux dont Gonzeville, réputé pour son patrimoine bâti et naturel et son école d'autrefois. Chaque localité a conservé son patrimoine qu'il soit religieux, naturel ou domestique. Enfin, les vastes ;Adultes, Randonneurs, Sportifs
6309;Le Marais de Boscherville;activity;olo:OrderedList, PointOfInterest, Tour, WalkingTour;Au cœur du Parc Naturel Régional des Boucles de la Seine Normande, l'abbaye Saint Georges de Boscherville (XIIème siècle) domine le village. Dans la première partie du circuit vous rencontrerez un élevage de vaches highlands avant de rejoindre le chemin de halage. La randonnée se poursuit ensuite en;Adultes, Familles, Randonneurs
6317;Rouen Tourisme;activity;schema:TouristInformationCenter, LocalTouristOffice, PlaceOfInterest, PointOfInterest, TouristInformationCenter;nan Traversée par 3000 ans d’Histoire, la capitale normande est une expérience patrimoniale flamboyante. Terre d’inspiration pour de nombreux artistes, oxygénée par une richesse naturelle exceptionnelle, elle possède une gastronomie d’excellence et garde de son héritage industriel un tempérament de ;Adultes, Familles, PMR
6346;Théâtre de l'Echo du Robec;activity;PlaceOfInterest, PointOfInterest, SportsAndLeisurePlace, Theater;Théâtre de divertissement familial à vocation patrimoniale Chaque année, un Molière en costumes et en respectant le texte de l'auteur. En 2024-26 5800 spectateurs ont vu Le Médecin malgré lui Un spectacle de recherche autour de Beckett, actuellement... Théâtre de divertissement familial à vocation p;Adultes, Familles
6356;Loisirs Jet Fécamp;activity;NauticalCentre, PlaceOfInterest, PointOfInterest, SportsAndLeisurePlace;Au cœur de la station nautique de Fécamp, nous vous proposons des activités d’initiation, de randonnée. Situé entre Étretat et Saint-Valéry-en-Caux, vous pourrez ainsi profiter du cadre exceptionnel des falaises de la côte d’Albâtre. Partez à la... Au cœur de la station nautique de Fécamp, nous vous;Adultes, Débutants, Familles, Randonneurs
6358;Base de loisirs de Jumièges - Le Mesnil;activity;schema:LocalBusiness, PlaceOfInterest, PointOfInterest, SportsAndLeisurePlace, TastingProvider;Sur la Base de loisirs de Jumièges - Le Mesnil, les activités Loisirs vous ouvrent ses portes pour vous amuser en famille ou entre amis sur un ensemble d’activités ludiques et sportives. Sur le lac, sur la terre ou dans les airs, il y en a pour tous... Sur la Base de loisirs de Jumièges - Le Mesnil,;Adultes, Enfants, Familles
6361;Espace Tourisme et Culture Campagne de Caux;activity;schema:TouristInformationCenter, LocalTouristOffice, PlaceOfInterest, PointOfInterest, TouristInformationCenter;nan Désormais installé dans l’Espace France Services, dans le centre de Goderville (2 rue du Bel Air), l’espace Tourisme et Culture dispose d’un espace d’accueil, plus grand et plus moderne. Côté Tourisme En plus de 150 documents sur l’ensemble de la Seine-Maritime mis gratuitement à disposition, vo;Adultes, Familles
6362;La Seine à Vélo®;activity;olo:OrderedList, CyclingTour, PointOfInterest, Tour;De ses somptueuses falaises blanches à la quiétude de son fleuve, sous oublier les magnifiques paysages de sa campagne, la Seine-Maritime dispose d’une nature préservée remarquable idéale à découvrir en vélo. De ses somptueuses falaises blanches à la quiétude de son fleuve, sous oublier les magnifiq;Adultes, Sportifs
6363;La Tour Mailly à cheval;activity;olo:OrderedList, HorseTour, PointOfInterest, Tour;Cette agréable balade de 5 km à cheval, vous fera découvrir des forêt, campagne, village et patrimoine bâti.Le point de départ du circuit se trouve d'ailleurs au niveau de la Tour Mailly, tour accolée à l'église au clocher penché de Saint-Léger-aux-Bois, édifice datant du XVIe siècle.La Forêt d'Eu e;Adultes, Enfants, Familles, Randonneurs
6368;L'escalier de Sotteville à VTT;activity;olo:OrderedList, CyclingTour, PointOfInterest, Tour;Cette boucle de randonnée prend son départ dans la commune de Sotteville-sur-Mer, située sur la Côte d’Albâtre. Entre chemins de forrières et paysages typiques du Pays de Caux, vous apprécierez un superbe panorama sur la côte et ses falaises de craie, du haut du fameux escalier de 231 marches. Acces;Adultes, Randonneurs, Sportifs
6374;Circuit de la Porte Océane;activity;olo:OrderedList, PointOfInterest, Tour, WalkingTour;Entre patrimoine maritime et Patrimoine Mondial de l'Unesco, remontez le temps en centre ville du Havre. Ville royale fondée par François Ier en 1517, Le Havre est devenue l'un des plus grands ports d'Europe. Ville de contrastes, d'émotions et de découvertes, voici un parcours qui ne va pas vous lai;Adultes, Familles, Randonneurs
6385;Les Alpagas du Clos;activity;PlaceOfInterest, PointOfInterest, SportsAndLeisurePlace;Le clos des alpagas vous propose 5 prestations pour vivre une véritable immersion parmi les merveilleux animaux. - Découverte des animaux d'Amérique du Sud - Durée : 1h Au cours de la visite guidée de cette ferme atypique, vous découvrirez les... Le clos des alpagas vous propose 5 prestations pour v;Adultes, Enfants, Familles, Randonneurs
6395;Circuit du Val Boucheron;activity;olo:OrderedList, PointOfInterest, Tour, WalkingTour;nan nan;Adultes, Familles, Randonneurs
6405;Estelle Normandy Guide ;activity;PlaceOfInterest, PointOfInterest, SportsAndLeisurePlace;Visites guidées, conférences, accompagnement et consulting en Normandie avec guide Conférencière Visites guidées, conférences, accompagnement et consulting en Normandie avec guide Conférencière;Adultes, Familles
6414;Romain DUMONTIER;activity;PlaceOfInterest, PointOfInterest, SportsAndLeisurePlace;Stage de moto toute activité : Enduro, Endurocross, Motocross, Trail, rallyer road book... Pilote professionnel de rallye-raid et d’enduro, je vous propose de venir profiter de toute mon expérience du très haut niveau à travers des stages de... Stage de moto toute activité : Enduro, Endurocross, Mot;Débutants
6418;Arb'Aventure - Parc accrobranche et multi-activités;activity;PlaceOfInterest, PointOfInterest, SportsAndLeisurePlace;La réouverture initialement prévue le 14/02/26 est reportée suite aux dégâts de la tempête Goretti. Merci de votre compréhension ! Arb'Aventure est un parc multi-activités situé à 15 minutes de Dieppe et 35 minutes de Rouen. Partez vers la cime... La réouverture initialement prévue le 14/02/26 est r;Adolescents, Adultes, Enfants, Familles
6435;Sur les traces de Voltaire;activity;olo:OrderedList, PointOfInterest, Tour, WalkingTour;Découvez le charmant hameau du Fys et admirez ses maisons à toit de chaume. Découvez le charmant hameau du Fys et admirez ses maisons à toit de chaume.;Adultes, Familles, Randonneurs
6437;Gare du Tréport;activity;schema:TrainStation, PlaceOfInterest, PointOfInterest, TrainStation, Transport;nan nan;Adultes, Familles
6441;Atelier Céramique Kilucru;activity;PlaceOfInterest, PointOfInterest, SportsAndLeisurePlace;Vous souhaitez apprendre la poterie dans une ambiance conviviale ? Ludivine Mercier vous propose des cours d'initiation pour différents niveaux. Pendant l'atelier vous aurez l'occasion d'apprendre 3 techniques de fabrication, la décoration, le... Vous souhaitez apprendre la poterie dans une ambiance;Adultes, Débutants, Enfants, Familles
6461;Tir à l'arc - Sarbacane;activity;PlaceOfInterest, PointOfInterest, SportsAndLeisurePlace, SportsClub;Tir à l'arc et sarbacane. Initiation découverte. A partir de 8 ans en fonction de la morphologie. Perfectionnement sans viseur. Tir à l'arc et sarbacane. Initiation découverte. A partir de 8 ans en fonction de la morphologie. Perfectionnement sans viseur.;Adultes, Débutants
6464;Les Bassins des Vallées;activity;olo:OrderedList, PointOfInterest, Tour, WalkingTour;Cette boucle entre terre et mer vous permettra d'admirer un riche patrimoine. Cette boucle entre terre et mer vous permettra d'admirer un riche patrimoine.;Adultes, Familles, Randonneurs
6474;Circuit de la Pointe de Caux;activity;olo:OrderedList, PointOfInterest, Tour, WalkingTour;Vous découvrirez l'architecture typique du Pays de Caux lors de cette randonnée au départ de Gonfreville l'Orcher. Vous découvrirez l'architecture typique du Pays de Caux lors de cette randonnée au départ de Gonfreville l'Orcher.;Adultes, Familles, Randonneurs
6475;Parcours du Village Fleuri à VTT;activity;olo:OrderedList, CyclingTour, PointOfInterest, Tour;Une balade agréable autour de l'un des villages les plus fleuris de France ! Une balade agréable autour de l'un des villages les plus fleuris de France !;Adultes, Familles, Randonneurs, Sportifs
6477;Angiens Accrobranche Aventures;activity;schema:AmusementPark, PlaceOfInterest, PointOfInterest, SportsAndLeisurePlace, ThemePark;Nous vous proposons 12 parcours pour petits et grands de 1m à 14 m de haut, à des niveaux de difficultés gradués et progressifs, dont 4 parcours (soit 40 jeux, la meilleure offre de la région !) pour les tous-petits dès 2 ans et 8 parcours... Nous vous proposons 12 parcours pour petits et grands de ;Adolescents, Adultes, Enfants, Familles
6483;Le Tour de la Seine-Maritime à moto;activity;olo:OrderedList, PointOfInterest, RoadTour, Tour;Cet itinéraire, long de 535 kilomètres, vous permettra d’admirer à moto la diversité des paysages impressionnants de la Seine-Maritime, en faisant un tour complet du département ! Cet itinéraire, long de 535 kilomètres, vous permettra d’admirer à moto la diversité des paysages impressionnants de la ;Adultes, Familles
6485;Les Etangs à VTT;activity;olo:OrderedList, CyclingTour, PointOfInterest, Tour;Ce circuit VTT, accessible à tous, est idéal pour les familles avec enfants. La première moitié du circuit se déroule au fil de l'eau, entre les eaux calmes des étangs et les eaux parfois plus tumultueuses de la Bresle. La seconde partie vous fera découvrir le village de Nesle-Normandeuse, marqué pa;Adultes, Enfants, Familles, Sportifs
6494;Mini-golf de Veulettes-sur-Mer;activity;MiniGolf, PlaceOfInterest, PointOfInterest, SportsAndLeisurePlace;Mini-golf situé près du front de mer, parcours de 18 pistes dont 1 en herbe. Mini-golf situé près du front de mer, parcours de 18 pistes dont 1 en herbe.;Adultes, Enfants, Familles
6495;Hippodrome de Dieppe;activity;schema:LocalBusiness, PlaceOfInterest, PointOfInterest, Racetrack, SportsAndLeisurePlace;Un site de 70 hectares aux portes de Dieppe, avec une piste en herbe de 2 000 mètres accueillent au plus haut niveau les trois disciplines de course : le plat, l'obstacle et le trot. Le restaurant panoramique Les Vertes Salines vous accueillera... Un site de 70 hectares aux portes de Dieppe, avec un;Adultes, Familles
6509;Au gré des vents - Sortie en mer sur vieux gréements;activity;schema:LocalBusiness, PlaceOfInterest, PointOfInterest, SightseeingBoat, SportsAndLeisurePlace;Du 4 avril au 1er novembre embarquez pour une aventure inoubliable à bord d'un vieux gréement le long des plus hautes falaises de la côte d'Albâtre. Glissez-vous dans la peau d’un matelot œuvrant sur ces anciens navires de pêche et hissez les... Du 4 avril au 1er novembre embarquez pour une aventure;Adultes, Familles
6514;Skate Park;activity;schema:LocalBusiness, PlaceOfInterest, PointOfInterest, SportsAndLeisurePlace, TrackRollerOrSkateBoard;Près de la mer, le skate park du Havre semble faire un salut aux origines de là où la glisse est née. Il est le plus grand skatepark gratuit à ciel ouvert en France. Bien placé, près du centre ville, il donne la possibilité au plus grand nombre de... Près de la mer, le skate park du Havre semble fai;Adolescents, Adultes, Enfants, Familles
6516;Le pays du grès;activity;olo:OrderedList, PointOfInterest, Tour, WalkingTour;Admirez dans l'architecture locale l'utilisation du grès : églises et chapelles, bâtiments traditionnels, calvaires... Admirez dans l'architecture locale l'utilisation du grès : églises et chapelles, bâtiments traditionnels, calvaires...;Adultes, Familles, Randonneurs
6517;Golf de Bévilliers;activity;schema:GolfCourse, GolfCourse, PlaceOfInterest, PointOfInterest, SportsAndLeisurePlace;Sur deux surfaces d'entraînement naturelle et artificielle, certifié ECOCERT venez vous initier à la pratique du golf ou vous perfectionner avec deux professionnels PGA, Hugo et Marine Voisin pour assurer un enseignement de qualité reconnu,... Sur deux surfaces d'entraînement naturelle et artificiel;Adolescents, Adultes, Débutants, Enfants, Familles
6518;Le Bois Balthazar à VTT;activity;olo:OrderedList, CyclingTour, PointOfInterest, Tour;nan nan;Adultes, Sportifs
6523;Haras du Cèdre;activity;schema:LocalBusiness, EquestrianCenter, PlaceOfInterest, PointOfInterest, SportsAndLeisurePlace;Situé en plein coeur du Pays de Caux, le Haras du Cèdre vous propose de nombreuses activités pour les cavaliers de tous niveaux, du débutant au confirmé. Cours d'équitation pour enfants et adultes, stages d'initiation et de perfectionnement,... Situé en plein coeur du Pays de Caux, le Haras du Cèdre;Adultes, Débutants, Enfants, Familles, Randonneurs
6531;Alyferm - Ateliers de Lactofermentation;activity;schema:LocalBusiness, PlaceOfInterest, PointOfInterest, SportsAndLeisurePlace, TastingProvider;Venez découvrir de nouvelles saveurs et préparer vous-même vos pickles suivant la technique de la lactofermentation. Au cours de cet atelier vous réaliserez votre bocal de légumes lactofermentés, en apprenant les règles essentielles de préparation,... Venez découvrir de nouvelles saveurs et préparer;Adultes, Enfants, Familles
6541;Entre Caux et Bray;activity;olo:OrderedList, PointOfInterest, Tour, WalkingTour;nan nan;Adultes, Familles, Randonneurs
6547;Trot'n Seine;activity;PlaceOfInterest, PointOfInterest, SportsAndLeisurePlace;Location de trottinettes électriques tout-terrain pour découvrir la vallée de la Seine. Location de trottinettes électriques tout-terrain pour découvrir la vallée de la Seine.;Adultes, Familles
6549;Le Nouveau Monde à cheval;activity;olo:OrderedList, HorseTour, PointOfInterest, Tour;Ce circuit de 5,2 km (dont 3,6 km sur chemin) vous emmènera en promenade entre coteaux boisés et vallons. Ce circuit de 5,2 km (dont 3,6 km sur chemin) vous emmènera en promenade entre coteaux boisés et vallons.;Adultes, Enfants
6551;Montagny;activity;olo:OrderedList, PointOfInterest, Tour, WalkingTour;Petit circuit permettant de découvrir le Bois de Montagny et son hameau qui abrite la Chapelle Saint Leu du XIIIe siècle. La majeure partie du circuit est en forêt. Petit circuit permettant de découvrir le Bois de Montagny et son hameau qui abrite la Chapelle Saint Leu du XIIIe siècle. La majeure pa;Adultes, Familles, Randonneurs
6553;Alyferm - Découvertes des Algues sur l'Estran;activity;schema:LocalBusiness, PlaceOfInterest, PointOfInterest, SportsAndLeisurePlace, TastingProvider;Partez en balade à marée basse sur les plages de Vaucottes, Yport ou Fécamp, laissez-vous guider sur l’estran et préparez un tartare avec votre cueillette. Seul, en famille ou entre amis, venez découvrir les richesses insoupçonnées des algues :... Partez en balade à marée basse sur les plages de Vau;Adultes, Familles, Randonneurs
6555;Le carré;activity;olo:OrderedList, CyclingTour, PointOfInterest, Tour;Circuit à vélo en plein coeur du Pays de Bray entre espace naturel et petit patrimoine. Circuit à vélo en plein coeur du Pays de Bray entre espace naturel et petit patrimoine.;Adultes, Sportifs
6559;Les Ailes d'Albâtre · ULM;activity;PlaceOfInterest, PointOfInterest, SportsAndLeisurePlace;Les Ailes d'Albâtre vous invitent à découvrir la Côte d'Albâtre depuis les airs grâce à leur vol en ULM. Retrouvez les à l'aérodrome situé à Saint-Aubin-sur-Scie pour réaliser des baptêmes de l'air en ULM pendulaire, en ULM autogire et en ULM 3... Les Ailes d'Albâtre vous invitent à découvrir la Côt;Adultes, Débutants
6564;Le Tour de la Seine-Maritime à Vélo;activity;olo:OrderedList, CyclingTour, PointOfInterest, Tour;Le Département de la Seine-Maritime aménage depuis plusieurs années des véloroutes et des voies vertes sur tout son territoire. Ces itinéraires contigus permettent à nos touristes à vélo d’admirer la diversité de nos paysages impressionnants dans le cadre d’un tour complet de la Seine-Maritime.Au dé;Adultes, Familles, Sportifs
6568;A la découverte du Patrimoine de Bondeville à VTT;activity;olo:OrderedList, CyclingTour, PointOfInterest, Tour;Boucle qui permet la découverte du patrimoine autour de Bondeville, par la Véloroute du Lin. Boucle qui permet la découverte du patrimoine autour de Bondeville, par la Véloroute du Lin.;Adultes, Sportifs
6577;Magicien Guilhem Julia;activity;ActivityProvider, CulturalActivityProvider, PlaceOfInterest, PointOfInterest, SportsAndLeisurePlace;Champion de France de magie 2018, Guilhem JULIA vous propose un spectacle de magie « close up » haut de gamme, idéal pour vos événements professionnels et privés. Tout se passe à quelques centimètres de vos yeux: production de roses dans une... Champion de France de magie 2018, Guilhem JULIA vous pr;Adultes, Familles
6589;Le Bois Balthazar;activity;olo:OrderedList, PointOfInterest, Tour, WalkingTour;nan nan;Adultes, Familles, Randonneurs
6603;La Pierre Tournante;activity;olo:OrderedList, PointOfInterest, Tour, WalkingTour;Après 1 km d'échauffement le long de la Seine, au départ de cette boucle verte, vous entrerez rapidement en forêt où vous attend un relief plus escarpé. Profitez d'un joli point de vue sur le méandre de la Seine au km2,7 pour faire une petite pause : les montées sont raides autours de Villequier ! L;Adultes, Familles, Randonneurs
6609;Les Maréchaux à VTT;activity;olo:OrderedList, CyclingTour, PointOfInterest, Tour;Ce circuit en contrebas de la Cuesta du Pays de Bray fait profiter du calme de la nature. Dans le petit village, rendez-vous à l'église pour admirer le porche qui abrite de singulières sculptures. Ce circuit en contrebas de la Cuesta du Pays de Bray fait profiter du calme de la nature. Dans le petit;Adultes, Sportifs
6617;Circuit n°2 - Arelaune-sur-Seine;activity;olo:OrderedList, CyclingTour, PointOfInterest, Tour;"Une jolie promenade à vélo qui offre un condensé de paysages dans les boucles de la Seine normande. Balade en bord de Seine d'une part, au long des vergers et du ""marais"", avec de belles chaumières, d'autres maisons anciennes et une grande chapelle à la charpente magnifiquement restaurée. Une jolie ";Adultes, Familles, Randonneurs, Sportifs
6619;Centre Nautique de La Côte d'Albâtre;activity;PlaceOfInterest, PointOfInterest, SportsAndLeisurePlace;En voile légère, vous naviguez au contact des éléments. Offrez-vous de belles sensations de glisse sur catamaran ou planche à voile. Toute l’année et en période estivale, que vous soyez débutant ou confirmé, le Centre Nautique de la Côte d’Albâtre à... En voile légère, vous naviguez au contact des é;Adultes, Débutants, Familles
6622;ULM Ciel Normand;activity;PlaceOfInterest, PointOfInterest, SportsAndLeisurePlace;ULM Ciel Normand propose des baptêmes de l'air en ULM sur la côte d'Albâtre entre Etretat et Dieppe. Ecole de pilotage ULM. ULM Ciel Normand propose des baptêmes de l'air en ULM sur la côte d'Albâtre entre Etretat et Dieppe. Ecole de pilotage ULM.;Adultes
6630;Les Wagands;activity;olo:OrderedList, PointOfInterest, Tour, WalkingTour;Entre campagne et vallée boisée à l’aller puis panoramas exceptionnels et site naturel préservé au retour, vous serez séduit par l’alternance des paysages offerts par cette belle boucle. Entre campagne et vallée boisée à l’aller puis panoramas exceptionnels et site naturel préservé au retour, vous s;Adultes, Familles, Randonneurs
6637;Gérente;activity;olo:OrderedList, PointOfInterest, Tour, WalkingTour;Belle randonnée au départ du Musée de la Verrerie de Blangy-sur-Bresle. A proximité du circuit, les randonneurs pourront découvrir un arboretum et la reconstitution d'un village mérovingien, réalisée par la Fédération des Archéologues du Talou et des régions avoisinantes. La Forêt d'Eu est indivise ;Adultes, Familles, Randonneurs
6639;Train Touristique;activity;schema:LocalBusiness, PlaceOfInterest, PointOfInterest, SportsAndLeisurePlace, TouristTrain;Parcours des 3 Villes Sœurs : Le Tréport - Eu - Mers les Bains (45 min). Parcours des 3 Villes Sœurs : Le Tréport - Eu - Mers les Bains (45 min).;Adultes, Familles
6651;Aux sources de l'Eaulne à VTT;activity;olo:OrderedList, CyclingTour, PointOfInterest, Tour;Envie d'un moment sportif en Pays de Bray, alors ce circuit VTT est fait pour vous ! Des sources de l'Eaulne, vous remonterez jusqu'au petit village d'Auvilliers à l'église caractéristique et au magnifique porche de son ancien château. Le retour se fera par le hameau d'Epinay non sans avoir auparava;Adultes, Enfants, Familles, Sportifs
6657;Gare de Saint-Martin-du-Vivier;activity;schema:TrainStation, PlaceOfInterest, PointOfInterest, TrainStation, Transport;nan nan;Adultes, Familles
6668;Le Chatelet;activity;olo:OrderedList, PointOfInterest, Tour, WalkingTour;Essentiellement fermée aux automobilistes, la boucle du Châtelet est l’itinéraire idéal pour se ressourcer. D’une distance de 10 kilomètres, cet itinéraire garantit une plongée de 2h30 au cœur de la forêt d’Eawy. Essentiellement fermée aux automobilistes, la boucle du Châtelet est l’itinéraire idéal;Adultes, Familles, Randonneurs, Sportifs
6673;Val du Roy;activity;olo:OrderedList, PointOfInterest, Tour, WalkingTour;Cet itinéraire balisé vous permettra de découvrir la vallée de l'Yères. Vous démarrez ce parcours à Villy-sur-Yères, devant l'église Saint-Martin, datant du 12ème siècle. Du versant est, vous aurez un très beau panorama sur la vallée. Au hameau du Val du Roy, le roi Henri IV avait l'habitude de s'ar;Adultes, Familles, Randonneurs
6675;D-Day In One Day;activity;schema:LocalBusiness, PlaceOfInterest, PointOfInterest, SportsAndLeisurePlace, TouristBus;Laissez-vous guider le temps d’une journée pour faire un saut dans ce passé pas si lointain. Découvrir les lieux emblématiques mais aussi les moins connus. Comprendre la préparation et le déroulement de ce jour crucial. Se souvenir des soldats et... Laissez-vous guider le temps d’une journée pour fa;Adultes, Familles
6699;No Way Out - Escape Game & Immersion;activity;PlaceOfInterest, PointOfInterest, SportsAndLeisurePlace;Dans un lieu unique, au cœur du centre historique de la ville de Fécamp et d’un arboretum, se trouve un ancien musée du XIVème siècle, rénové en banque au XIXème siècle et transformé aujourd’hui en Manoir hanté, par des attractions sensationnelles... Dans un lieu unique, au cœur du centre historique;Adultes, Familles, Sportifs
6702;Circuit de l'Andelle;activity;olo:OrderedList, CyclingTour, PointOfInterest, Tour;Le circuit de l'Andelle traverse quelques villages du Pays de Bray, avec un panorama exceptionnel sur le Boutonnière à La Ferté Saint Samson. Le circuit de l'Andelle traverse quelques villages du Pays de Bray, avec un panorama exceptionnel sur le Boutonnière à La Ferté Saint Samson.;Adultes, Sportifs
6705;Circuit du plus petit fleuve de France;activity;olo:OrderedList, PointOfInterest, Tour, WalkingTour;Se promener sur le circuit du plus petit fleuve de France, c’est s’assurer de vivre une expérience mémorable ! Ce parcours, accessible à tous, vous emmène à la découverte de l’un des villages préféré des Français, Veules-les-Roses. Se promener sur le circuit du plus petit fleuve de France, c’est s’a;Adultes, Familles, Randonneurs
6719;Circuit de la Vienne;activity;olo:OrderedList, CyclingTour, PointOfInterest, Tour;Cette randonnée à vélo au cœur de la Normandie vous fera découvrir la Vallée de la Vienne, classée pour son patrimoine architectural et historique très riche. Églises, châteaux, manoirs et moulins éveilleront votre curiosité au cours de ce circuit au départ de Bacqueville-en-Caux. Casque sur la tête;Adultes, Randonneurs, Sportifs
6724;Valleuse de Saussemare à cheval;activity;olo:OrderedList, HorseTour, PointOfInterest, Tour;Ce circuit de 9,1 km (dont 6,6 km sur chemin) est une randonnée qui emmène à la découverte de la valleuse de Saussemare, des plateaux et de la vallée du Dun. Si le vent est au rendez-vous, vous profiterez du «ballet» des kite-surfs qui fréquentent la belle plage de sable de Saint-Aubin-sur-Mer. Ce c;Adolescents, Adultes, Enfants, Randonneurs
6729;Tennis de Puys;activity;PlaceOfInterest, PointOfInterest, SportsAndLeisurePlace, TennisComplex;Le Tennis Club de Puys est situé à 5 minutes de Dieppe et à deux pas de la mer (plage de Puys). Il dispose de deux courts en terre battue traditionnelle, avec un clubhouse offrant une vue panoramique sur les terrains. Les courts sont accessibles à... Le Tennis Club de Puys est situé à 5 minutes de D;Adultes, Enfants, Familles
6733;Les calvaires;activity;olo:OrderedList, CyclingTour, PointOfInterest, Tour;Une boucle vélo de 15 km en plein coeur du Pays de Bray à la découverte d'un patrimoine religieux, les calvaires. Une boucle vélo de 15 km en plein coeur du Pays de Bray à la découverte d'un patrimoine religieux, les calvaires.;Adultes, Sportifs
